instance,ea,gsr,vns,opt,initialSolution,timeMeasure,instanceSet,dynamicFrequency,dynamicChangeType,dynamicIntensity
LGF-Berlin-100-80000-1-greedy-evaluation-none,0.199116428571429,0.19677,0.228296071428572,500,greedy,evaluation,Berlin,none,NA,NA
LGF-Berlin-100-80000-2-greedy-evaluation-none,0.336278490566038,0.303088679245283,0.388101509433962,500,greedy,evaluation,Berlin,none,NA,NA
LGF-Berlin-100-80000-3-greedy-evaluation-none,0.222197696737044,0.225653358925144,0.25499424184261,500,greedy,evaluation,Berlin,none,NA,NA
LGF-brazil58-gen4-45.oplib-11428-greedy-evaluation-none,0.691799355069867,0.668632389824436,0.710193622357578,500,greedy,evaluation,oplib,none,NA,NA
LGF-gr120-gen4-85.oplib-5901-greedy-evaluation-none,0.955287117389842,0.882705079044736,0.966519542549613,500,greedy,evaluation,oplib,none,NA,NA
LGF-gr48-gen4-80.oplib-4037-greedy-evaluation-none,0.933217798796216,0.899296388650043,0.94055399828031,500,greedy,evaluation,oplib,none,NA,NA
LGF-hk48-gen4-80.oplib-9169-greedy-evaluation-none,0.896160103181427,0.856398538263113,0.903355030094583,500,greedy,evaluation,oplib,none,NA,NA
LGF-Leipzig-100-80000-1-greedy-evaluation-none,0.849195009596929,0.805716314779271,0.876995777351248,500,greedy,evaluation,Leipzig,none,NA,NA
LGF-Leipzig-100-80000-2-greedy-evaluation-none,0.808586120996441,0.726663701067616,0.825335943060499,500,greedy,evaluation,Leipzig,none,NA,NA
LGF-Leipzig-100-80000-3-greedy-evaluation-none,0.869395140186916,0.775751775700935,0.898455700934579,500,greedy,evaluation,Leipzig,none,NA,NA
LGF-Berlin-100-80000-1-greedy-bitVector-none,0.199948571428571,0.205158571428571,0.225808214285714,500,greedy,bitVector,Berlin,none,NA,NA
LGF-Berlin-100-80000-2-greedy-bitVector-none,0.3412,0.322308301886792,0.377902641509434,500,greedy,bitVector,Berlin,none,NA,NA
LGF-Berlin-100-80000-3-greedy-bitVector-none,0.224391554702495,0.237506717850288,0.253088291746641,500,greedy,bitVector,Berlin,none,NA,NA
LGF-brazil58-gen4-45.oplib-11428-greedy-bitVector-none,0.69224693658187,0.679436975994267,0.703543031171623,500,greedy,bitVector,oplib,none,NA,NA
LGF-gr120-gen4-85.oplib-5901-greedy-bitVector-none,0.953013049142356,0.911348348949004,0.963656988621423,449,greedy,bitVector,oplib,none,NA,NA
LGF-gr48-gen4-80.oplib-4037-greedy-bitVector-none,0.933162338779019,0.911278503869303,0.937028202923474,500,greedy,bitVector,oplib,none,NA,NA
LGF-hk48-gen4-80.oplib-9169-greedy-bitVector-none,0.89634660361135,0.873798280309544,0.902856749785039,500,greedy,bitVector,oplib,none,NA,NA
LGF-Leipzig-100-80000-1-greedy-bitVector-none,0.847778886756238,0.832620345489443,0.868363915547025,500,greedy,bitVector,Leipzig,none,NA,NA
LGF-Leipzig-100-80000-2-greedy-bitVector-none,0.807838790035587,0.744716370106762,0.822313167259786,500,greedy,bitVector,Leipzig,none,NA,NA
LGF-Leipzig-100-80000-3-greedy-bitVector-none,0.865970093457944,0.795380560747664,0.878708785046729,500,greedy,bitVector,Leipzig,none,NA,NA
LGF-Berlin-100-80000-1-greedy-evaluation-L10-absolute-C10,0.213439285714286,0.207329642857143,0.239453571428572,500,greedy,evaluation,Berlin,L10,absolute,C10
LGF-Berlin-100-80000-1-greedy-evaluation-L10-absolute-C25,0.191400714285714,0.197013928571429,0.215108928571429,500,greedy,evaluation,Berlin,L10,absolute,C25
LGF-Berlin-100-80000-1-greedy-evaluation-L10-absolute-C5,0.211851071428571,0.213302857142857,0.236418214285714,500,greedy,evaluation,Berlin,L10,absolute,C5
LGF-Berlin-100-80000-1-greedy-evaluation-L10-absolute-C50,0.185872142857143,0.184956071428571,0.210394642857143,500,greedy,evaluation,Berlin,L10,absolute,C50
LGF-Berlin-100-80000-1-greedy-evaluation-L25-absolute-C10,0.186812142857143,0.192359642857143,0.2093475,500,greedy,evaluation,Berlin,L25,absolute,C10
LGF-Berlin-100-80000-1-greedy-evaluation-L25-absolute-C25,0.217195,0.211905,0.245487857142857,500,greedy,evaluation,Berlin,L25,absolute,C25
LGF-Berlin-100-80000-1-greedy-evaluation-L25-absolute-C5,0.202751785714286,0.200185357142857,0.228702857142857,500,greedy,evaluation,Berlin,L25,absolute,C5
LGF-Berlin-100-80000-1-greedy-evaluation-L25-absolute-C50,0.253452857142857,0.256934285714286,0.281207142857143,500,greedy,evaluation,Berlin,L25,absolute,C50
LGF-Berlin-100-80000-1-greedy-evaluation-L5-absolute-C10,0.210769285714286,0.210026428571429,0.233341428571429,500,greedy,evaluation,Berlin,L5,absolute,C10
LGF-Berlin-100-80000-1-greedy-evaluation-L5-absolute-C25,0.188670357142857,0.1950275,0.214308214285714,500,greedy,evaluation,Berlin,L5,absolute,C25
LGF-Berlin-100-80000-1-greedy-evaluation-L5-absolute-C5,0.198902857142857,0.205669285714286,0.225624642857143,500,greedy,evaluation,Berlin,L5,absolute,C5
LGF-Berlin-100-80000-1-greedy-evaluation-L5-absolute-C50,0.204789285714286,0.211789642857143,0.231549285714286,500,greedy,evaluation,Berlin,L5,absolute,C50
LGF-Berlin-100-80000-1-greedy-evaluation-L50-absolute-C10,0.231763928571429,0.233238571428571,0.2601775,500,greedy,evaluation,Berlin,L50,absolute,C10
LGF-Berlin-100-80000-1-greedy-evaluation-L50-absolute-C25,0.182128571428571,0.186461785714286,0.21478,500,greedy,evaluation,Berlin,L50,absolute,C25
LGF-Berlin-100-80000-1-greedy-evaluation-L50-absolute-C5,0.183770714285714,0.190232857142857,0.211053571428572,500,greedy,evaluation,Berlin,L50,absolute,C5
LGF-Berlin-100-80000-1-greedy-evaluation-L50-absolute-C50,0.236633571428571,0.232654642857143,0.269968571428571,500,greedy,evaluation,Berlin,L50,absolute,C50
LGF-Berlin-100-80000-2-greedy-evaluation-L10-absolute-C10,0.342059245283019,0.306175471698113,0.38964,500,greedy,evaluation,Berlin,L10,absolute,C10
LGF-Berlin-100-80000-2-greedy-evaluation-L10-absolute-C25,0.363172452830189,0.32436,0.40046641509434,500,greedy,evaluation,Berlin,L10,absolute,C25
LGF-Berlin-100-80000-2-greedy-evaluation-L10-absolute-C5,0.352146037735849,0.317539245283019,0.391716226415094,500,greedy,evaluation,Berlin,L10,absolute,C5
LGF-Berlin-100-80000-2-greedy-evaluation-L10-absolute-C50,0.358792452830189,0.338258867924528,0.400035471698113,500,greedy,evaluation,Berlin,L10,absolute,C50
LGF-Berlin-100-80000-2-greedy-evaluation-L25-absolute-C10,0.332410943396226,0.306147169811321,0.369841509433962,500,greedy,evaluation,Berlin,L25,absolute,C10
LGF-Berlin-100-80000-2-greedy-evaluation-L25-absolute-C25,0.370441132075472,0.353598490566038,0.41081320754717,500,greedy,evaluation,Berlin,L25,absolute,C25
LGF-Berlin-100-80000-2-greedy-evaluation-L25-absolute-C5,0.358347547169811,0.32175358490566,0.395955094339623,500,greedy,evaluation,Berlin,L25,absolute,C5
LGF-Berlin-100-80000-2-greedy-evaluation-L25-absolute-C50,0.401764905660377,0.37997358490566,0.440958490566038,500,greedy,evaluation,Berlin,L25,absolute,C50
LGF-Berlin-100-80000-2-greedy-evaluation-L5-absolute-C10,0.345115094339623,0.318290943396226,0.386581886792453,500,greedy,evaluation,Berlin,L5,absolute,C10
LGF-Berlin-100-80000-2-greedy-evaluation-L5-absolute-C25,0.367216603773585,0.345799622641509,0.405761132075472,500,greedy,evaluation,Berlin,L5,absolute,C25
LGF-Berlin-100-80000-2-greedy-evaluation-L5-absolute-C5,0.342742264150943,0.306678113207547,0.384319622641509,500,greedy,evaluation,Berlin,L5,absolute,C5
LGF-Berlin-100-80000-2-greedy-evaluation-L5-absolute-C50,0.329716603773585,0.299157735849057,0.371681886792453,500,greedy,evaluation,Berlin,L5,absolute,C50
LGF-Berlin-100-80000-2-greedy-evaluation-L50-absolute-C10,0.346349811320755,0.315489433962264,0.390190943396226,500,greedy,evaluation,Berlin,L50,absolute,C10
LGF-Berlin-100-80000-2-greedy-evaluation-L50-absolute-C25,0.308692830188679,0.271168301886792,0.344755471698113,500,greedy,evaluation,Berlin,L50,absolute,C25
LGF-Berlin-100-80000-2-greedy-evaluation-L50-absolute-C5,0.34924641509434,0.319067547169811,0.394181886792453,500,greedy,evaluation,Berlin,L50,absolute,C5
LGF-Berlin-100-80000-2-greedy-evaluation-L50-absolute-C50,0.35123358490566,0.329510566037736,0.399738113207547,500,greedy,evaluation,Berlin,L50,absolute,C50
LGF-Berlin-100-80000-3-greedy-evaluation-L10-absolute-C10,0.213842994241843,0.225432629558541,0.246968522072937,500,greedy,evaluation,Berlin,L10,absolute,C10
LGF-Berlin-100-80000-3-greedy-evaluation-L10-absolute-C25,0.232304798464491,0.240303646833013,0.266517850287908,500,greedy,evaluation,Berlin,L10,absolute,C25
LGF-Berlin-100-80000-3-greedy-evaluation-L10-absolute-C5,0.220656429942419,0.225982725527831,0.250649136276392,500,greedy,evaluation,Berlin,L10,absolute,C5
LGF-Berlin-100-80000-3-greedy-evaluation-L10-absolute-C50,0.222565067178503,0.224117466410749,0.251844145873321,500,greedy,evaluation,Berlin,L10,absolute,C50
LGF-Berlin-100-80000-3-greedy-evaluation-L25-absolute-C10,0.240588099808061,0.243598848368522,0.269788099808061,500,greedy,evaluation,Berlin,L25,absolute,C10
LGF-Berlin-100-80000-3-greedy-evaluation-L25-absolute-C25,0.239651055662188,0.225482917466411,0.26927754318618,500,greedy,evaluation,Berlin,L25,absolute,C25
LGF-Berlin-100-80000-3-greedy-evaluation-L25-absolute-C5,0.242695585412668,0.246539347408829,0.275787332053743,500,greedy,evaluation,Berlin,L25,absolute,C5
LGF-Berlin-100-80000-3-greedy-evaluation-L25-absolute-C50,0.258876007677543,0.25254472168906,0.291529750479846,500,greedy,evaluation,Berlin,L25,absolute,C50
LGF-Berlin-100-80000-3-greedy-evaluation-L5-absolute-C10,0.219480230326296,0.228428790786948,0.252124376199616,500,greedy,evaluation,Berlin,L5,absolute,C10
LGF-Berlin-100-80000-3-greedy-evaluation-L5-absolute-C25,0.227664491362764,0.237186180422265,0.261703646833013,500,greedy,evaluation,Berlin,L5,absolute,C25
LGF-Berlin-100-80000-3-greedy-evaluation-L5-absolute-C5,0.227292130518234,0.241350479846449,0.26331669865643,500,greedy,evaluation,Berlin,L5,absolute,C5
LGF-Berlin-100-80000-3-greedy-evaluation-L5-absolute-C50,0.235418042226488,0.240829174664107,0.270730902111324,500,greedy,evaluation,Berlin,L5,absolute,C50
LGF-Berlin-100-80000-3-greedy-evaluation-L50-absolute-C10,0.232161612284069,0.234247216890595,0.255387332053743,500,greedy,evaluation,Berlin,L50,absolute,C10
LGF-Berlin-100-80000-3-greedy-evaluation-L50-absolute-C25,0.24158349328215,0.21882226487524,0.259530902111324,500,greedy,evaluation,Berlin,L50,absolute,C25
LGF-Berlin-100-80000-3-greedy-evaluation-L50-absolute-C5,0.221801151631478,0.224159692898273,0.250849520153551,500,greedy,evaluation,Berlin,L50,absolute,C5
LGF-Berlin-100-80000-3-greedy-evaluation-L50-absolute-C50,0.268013051823417,0.260068330134357,0.2888,500,greedy,evaluation,Berlin,L50,absolute,C50
LGF-brazil58-gen4-45.oplib-11428-greedy-evaluation-L10-absolute-C10,0.697778502328914,0.675065782873522,0.716703403797922,500,greedy,evaluation,oplib,L10,absolute,C10
LGF-brazil58-gen4-45.oplib-11428-greedy-evaluation-L10-absolute-C25,0.704109279828019,0.678243138659979,0.730418058043712,500,greedy,evaluation,oplib,L10,absolute,C25
LGF-brazil58-gen4-45.oplib-11428-greedy-evaluation-L10-absolute-C5,0.68876732353995,0.66753980652096,0.7096376209244,500,greedy,evaluation,oplib,L10,absolute,C5
LGF-brazil58-gen4-45.oplib-11428-greedy-evaluation-L10-absolute-C50,0.714102113937657,0.687757864564672,0.737660050161233,500,greedy,evaluation,oplib,L10,absolute,C50
LGF-brazil58-gen4-45.oplib-11428-greedy-evaluation-L25-absolute-C10,0.674556574704407,0.657999713364386,0.699240702257256,500,greedy,evaluation,oplib,L25,absolute,C10
LGF-brazil58-gen4-45.oplib-11428-greedy-evaluation-L25-absolute-C25,0.724400931565747,0.707371408097456,0.757023217484773,500,greedy,evaluation,oplib,L25,absolute,C25
LGF-brazil58-gen4-45.oplib-11428-greedy-evaluation-L25-absolute-C5,0.700321103547116,0.671762737370118,0.721978287352204,500,greedy,evaluation,oplib,L25,absolute,C5
LGF-brazil58-gen4-45.oplib-11428-greedy-evaluation-L25-absolute-C50,0.698041633823002,0.672613686850591,0.730482407739162,500,greedy,evaluation,oplib,L25,absolute,C50
LGF-brazil58-gen4-45.oplib-11428-greedy-evaluation-L5-absolute-C10,0.697768398423504,0.672474811895378,0.715797563597277,500,greedy,evaluation,oplib,L5,absolute,C10
LGF-brazil58-gen4-45.oplib-11428-greedy-evaluation-L5-absolute-C25,0.695479111429595,0.670248083124328,0.716803081332856,500,greedy,evaluation,oplib,L5,absolute,C25
LGF-brazil58-gen4-45.oplib-11428-greedy-evaluation-L5-absolute-C5,0.694277319957005,0.672971551415263,0.713601218201362,500,greedy,evaluation,oplib,L5,absolute,C5
LGF-brazil58-gen4-45.oplib-11428-greedy-evaluation-L5-absolute-C50,0.714997921891795,0.685852167681834,0.738351701898961,500,greedy,evaluation,oplib,L5,absolute,C50
LGF-brazil58-gen4-45.oplib-11428-greedy-evaluation-L50-absolute-C10,0.673341311357936,0.642833679684701,0.711138516660695,500,greedy,evaluation,oplib,L50,absolute,C10
LGF-brazil58-gen4-45.oplib-11428-greedy-evaluation-L50-absolute-C25,0.741350268720889,0.717590254389108,0.775884414188463,500,greedy,evaluation,oplib,L50,absolute,C25
LGF-brazil58-gen4-45.oplib-11428-greedy-evaluation-L50-absolute-C5,0.696844213543533,0.674768470082408,0.723924399856682,500,greedy,evaluation,oplib,L50,absolute,C5
LGF-brazil58-gen4-45.oplib-11428-greedy-evaluation-L50-absolute-C50,0.70073722680043,0.682370978144034,0.743402078108205,500,greedy,evaluation,oplib,L50,absolute,C50
LGF-gr120-gen4-85.oplib-5901-greedy-evaluation-L10-absolute-C10,0.948987117389842,0.868568382105617,0.962488261015809,500,greedy,evaluation,oplib,L10,absolute,C10
LGF-gr120-gen4-85.oplib-5901-greedy-evaluation-L10-absolute-C25,0.949159636730575,0.867891826437941,0.964789640094181,500,greedy,evaluation,oplib,L10,absolute,C25
LGF-gr120-gen4-85.oplib-5901-greedy-evaluation-L10-absolute-C5,0.959301749075008,0.886255028590649,0.969452707702657,500,greedy,evaluation,oplib,L10,absolute,C5
LGF-gr120-gen4-85.oplib-5901-greedy-evaluation-L10-absolute-C50,0.946585031954255,0.871143390514632,0.965448335015136,500,greedy,evaluation,oplib,L10,absolute,C50
LGF-gr120-gen4-85.oplib-5901-greedy-evaluation-L25-absolute-C10,0.949658997645476,0.882214228052472,0.966579347460478,500,greedy,evaluation,oplib,L25,absolute,C10
LGF-gr120-gen4-85.oplib-5901-greedy-evaluation-L25-absolute-C25,0.951894954591322,0.884397813656239,0.966179280188362,500,greedy,evaluation,oplib,L25,absolute,C25
LGF-gr120-gen4-85.oplib-5901-greedy-evaluation-L25-absolute-C5,0.947796098217289,0.885001715438951,0.963156138580558,500,greedy,evaluation,oplib,L25,absolute,C5
LGF-gr120-gen4-85.oplib-5901-greedy-evaluation-L25-absolute-C50,0.956559132189707,0.883035385132862,0.973786781029263,500,greedy,evaluation,oplib,L25,absolute,C50
LGF-gr120-gen4-85.oplib-5901-greedy-evaluation-L5-absolute-C10,0.9575216279852,0.883791927346115,0.96853730238816,500,greedy,evaluation,oplib,L5,absolute,C10
LGF-gr120-gen4-85.oplib-5901-greedy-evaluation-L5-absolute-C25,0.954394820047091,0.879922637066936,0.967850958627649,500,greedy,evaluation,oplib,L5,absolute,C25
LGF-gr120-gen4-85.oplib-5901-greedy-evaluation-L5-absolute-C5,0.954180457450387,0.875508610830811,0.964407063572149,500,greedy,evaluation,oplib,L5,absolute,C5
LGF-gr120-gen4-85.oplib-5901-greedy-evaluation-L5-absolute-C50,0.952720248906828,0.881494450050454,0.966384729229734,500,greedy,evaluation,oplib,L5,absolute,C50
LGF-gr120-gen4-85.oplib-5901-greedy-evaluation-L50-absolute-C10,0.950920820719812,0.867091826437941,0.965657887655567,500,greedy,evaluation,oplib,L50,absolute,C10
LGF-gr120-gen4-85.oplib-5901-greedy-evaluation-L50-absolute-C25,0.958236663303061,0.890702287251934,0.977274739320552,500,greedy,evaluation,oplib,L50,absolute,C25
LGF-gr120-gen4-85.oplib-5901-greedy-evaluation-L50-absolute-C5,0.949216313488059,0.879075042045072,0.963764244870501,500,greedy,evaluation,oplib,L50,absolute,C5
LGF-gr120-gen4-85.oplib-5901-greedy-evaluation-L50-absolute-C50,0.951139724184326,0.874256374032963,0.975680625630676,500,greedy,evaluation,oplib,L50,absolute,C50
LGF-gr48-gen4-80.oplib-4037-greedy-evaluation-L10-absolute-C10,0.935051762682717,0.911900601891659,0.939259415305245,500,greedy,evaluation,oplib,L10,absolute,C10
LGF-gr48-gen4-80.oplib-4037-greedy-evaluation-L10-absolute-C25,0.930052364574377,0.902225709372313,0.936126741186587,500,greedy,evaluation,oplib,L10,absolute,C25
LGF-gr48-gen4-80.oplib-4037-greedy-evaluation-L10-absolute-C5,0.93410214961307,0.904363370593293,0.941275064488392,500,greedy,evaluation,oplib,L10,absolute,C5
LGF-gr48-gen4-80.oplib-4037-greedy-evaluation-L10-absolute-C50,0.956497076526225,0.91974505588994,0.961749785038693,500,greedy,evaluation,oplib,L10,absolute,C50
LGF-gr48-gen4-80.oplib-4037-greedy-evaluation-L25-absolute-C10,0.945196044711952,0.918828546861565,0.951057179707653,500,greedy,evaluation,oplib,L25,absolute,C10
LGF-gr48-gen4-80.oplib-4037-greedy-evaluation-L25-absolute-C25,0.940279277730009,0.889705503009458,0.945432244196045,500,greedy,evaluation,oplib,L25,absolute,C25
LGF-gr48-gen4-80.oplib-4037-greedy-evaluation-L25-absolute-C5,0.934037489251935,0.903646775580396,0.940004299226139,500,greedy,evaluation,oplib,L25,absolute,C5
LGF-gr48-gen4-80.oplib-4037-greedy-evaluation-L25-absolute-C50,0.951448667239897,0.923468443680137,0.957705588993981,500,greedy,evaluation,oplib,L25,absolute,C50
LGF-gr48-gen4-80.oplib-4037-greedy-evaluation-L5-absolute-C10,0.934884436801376,0.907594325021496,0.94104660361135,500,greedy,evaluation,oplib,L5,absolute,C10
LGF-gr48-gen4-80.oplib-4037-greedy-evaluation-L5-absolute-C25,0.919838521066208,0.895066208082545,0.929166723989682,500,greedy,evaluation,oplib,L5,absolute,C25
LGF-gr48-gen4-80.oplib-4037-greedy-evaluation-L5-absolute-C5,0.93348950988822,0.906817024935512,0.940364832330181,500,greedy,evaluation,oplib,L5,absolute,C5
LGF-gr48-gen4-80.oplib-4037-greedy-evaluation-L5-absolute-C50,0.927929578675838,0.894330094582975,0.93279105760963,500,greedy,evaluation,oplib,L5,absolute,C50
LGF-gr48-gen4-80.oplib-4037-greedy-evaluation-L50-absolute-C10,0.937642132416165,0.906296646603611,0.943232674118659,500,greedy,evaluation,oplib,L50,absolute,C10
LGF-gr48-gen4-80.oplib-4037-greedy-evaluation-L50-absolute-C25,0.936366552020636,0.909014789337919,0.942356577815993,500,greedy,evaluation,oplib,L50,absolute,C25
LGF-gr48-gen4-80.oplib-4037-greedy-evaluation-L50-absolute-C5,0.923713843508169,0.896463112639725,0.930672398968186,500,greedy,evaluation,oplib,L50,absolute,C5
LGF-gr48-gen4-80.oplib-4037-greedy-evaluation-L50-absolute-C50,0.95569011177988,0.911331986242476,0.962840498710232,500,greedy,evaluation,oplib,L50,absolute,C50
LGF-hk48-gen4-80.oplib-9169-greedy-evaluation-L10-absolute-C10,0.893841702493551,0.847463198624248,0.901871883061049,500,greedy,evaluation,oplib,L10,absolute,C10
LGF-hk48-gen4-80.oplib-9169-greedy-evaluation-L10-absolute-C25,0.891802837489252,0.856644024075666,0.902404127257094,500,greedy,evaluation,oplib,L10,absolute,C25
LGF-hk48-gen4-80.oplib-9169-greedy-evaluation-L10-absolute-C5,0.897451160791058,0.864661822871883,0.903270335339639,500,greedy,evaluation,oplib,L10,absolute,C5
LGF-hk48-gen4-80.oplib-9169-greedy-evaluation-L10-absolute-C50,0.926087102321582,0.884423731728289,0.934277386070507,500,greedy,evaluation,oplib,L10,absolute,C50
LGF-hk48-gen4-80.oplib-9169-greedy-evaluation-L25-absolute-C10,0.893532158211522,0.846556147893379,0.902202751504729,500,greedy,evaluation,oplib,L25,absolute,C10
LGF-hk48-gen4-80.oplib-9169-greedy-evaluation-L25-absolute-C25,0.905398108340499,0.854001461736887,0.91278796216681,500,greedy,evaluation,oplib,L25,absolute,C25
LGF-hk48-gen4-80.oplib-9169-greedy-evaluation-L25-absolute-C5,0.895621152192605,0.844081083404987,0.900132502149613,500,greedy,evaluation,oplib,L25,absolute,C5
LGF-hk48-gen4-80.oplib-9169-greedy-evaluation-L25-absolute-C50,0.92065554600172,0.875614875322442,0.929182975064488,500,greedy,evaluation,oplib,L25,absolute,C50
LGF-hk48-gen4-80.oplib-9169-greedy-evaluation-L5-absolute-C10,0.889752020636285,0.841902063628547,0.89794505588994,500,greedy,evaluation,oplib,L5,absolute,C10
LGF-hk48-gen4-80.oplib-9169-greedy-evaluation-L5-absolute-C25,0.908138005159071,0.863319604471195,0.9130932072227,500,greedy,evaluation,oplib,L5,absolute,C25
LGF-hk48-gen4-80.oplib-9169-greedy-evaluation-L5-absolute-C5,0.89577807394669,0.854023559759243,0.904198710232158,500,greedy,evaluation,oplib,L5,absolute,C5
LGF-hk48-gen4-80.oplib-9169-greedy-evaluation-L5-absolute-C50,0.896035339638865,0.844406104901118,0.908574548581256,500,greedy,evaluation,oplib,L5,absolute,C50
LGF-hk48-gen4-80.oplib-9169-greedy-evaluation-L50-absolute-C10,0.90753611349957,0.877388993981083,0.916657351676698,500,greedy,evaluation,oplib,L50,absolute,C10
LGF-hk48-gen4-80.oplib-9169-greedy-evaluation-L50-absolute-C25,0.910033276010318,0.878130008598452,0.925125451418745,500,greedy,evaluation,oplib,L50,absolute,C25
LGF-hk48-gen4-80.oplib-9169-greedy-evaluation-L50-absolute-C5,0.893164144453998,0.836906362854686,0.89953241616509,500,greedy,evaluation,oplib,L50,absolute,C5
LGF-hk48-gen4-80.oplib-9169-greedy-evaluation-L50-absolute-C50,0.921431900257954,0.884733276010318,0.933070077386071,500,greedy,evaluation,oplib,L50,absolute,C50
LGF-Leipzig-100-80000-1-greedy-evaluation-L10-absolute-C10,0.853087140115163,0.820613051823416,0.888243378119002,500,greedy,evaluation,Leipzig,L10,absolute,C10
LGF-Leipzig-100-80000-1-greedy-evaluation-L10-absolute-C25,0.837421113243762,0.809049136276392,0.865890978886756,500,greedy,evaluation,Leipzig,L10,absolute,C25
LGF-Leipzig-100-80000-1-greedy-evaluation-L10-absolute-C5,0.844917466410748,0.811790019193858,0.877575815738963,500,greedy,evaluation,Leipzig,L10,absolute,C5
LGF-Leipzig-100-80000-1-greedy-evaluation-L10-absolute-C50,0.868651823416507,0.826819961612284,0.900115930902111,500,greedy,evaluation,Leipzig,L10,absolute,C50
LGF-Leipzig-100-80000-1-greedy-evaluation-L25-absolute-C10,0.849904798464491,0.819648752399232,0.886021497120921,500,greedy,evaluation,Leipzig,L25,absolute,C10
LGF-Leipzig-100-80000-1-greedy-evaluation-L25-absolute-C25,0.866348560460653,0.824249520153551,0.904107485604607,500,greedy,evaluation,Leipzig,L25,absolute,C25
LGF-Leipzig-100-80000-1-greedy-evaluation-L25-absolute-C5,0.852480998080614,0.80941689059501,0.883684836852207,500,greedy,evaluation,Leipzig,L25,absolute,C5
LGF-Leipzig-100-80000-1-greedy-evaluation-L25-absolute-C50,0.867387332053743,0.833237236084453,0.901867946257198,500,greedy,evaluation,Leipzig,L25,absolute,C50
LGF-Leipzig-100-80000-1-greedy-evaluation-L5-absolute-C10,0.849621113243762,0.816671017274472,0.878101727447217,500,greedy,evaluation,Leipzig,L5,absolute,C10
LGF-Leipzig-100-80000-1-greedy-evaluation-L5-absolute-C25,0.856376967370441,0.825985028790787,0.884404990403071,500,greedy,evaluation,Leipzig,L5,absolute,C25
LGF-Leipzig-100-80000-1-greedy-evaluation-L5-absolute-C5,0.845799232245681,0.808721305182342,0.875459500959693,500,greedy,evaluation,Leipzig,L5,absolute,C5
LGF-Leipzig-100-80000-1-greedy-evaluation-L5-absolute-C50,0.85844452975048,0.82288330134357,0.888928214971209,500,greedy,evaluation,Leipzig,L5,absolute,C50
LGF-Leipzig-100-80000-1-greedy-evaluation-L50-absolute-C10,0.851396161228407,0.803623800383877,0.882520921305182,500,greedy,evaluation,Leipzig,L50,absolute,C10
LGF-Leipzig-100-80000-1-greedy-evaluation-L50-absolute-C25,0.875010748560461,0.831611516314779,0.90808905950096,500,greedy,evaluation,Leipzig,L50,absolute,C25
LGF-Leipzig-100-80000-1-greedy-evaluation-L50-absolute-C5,0.847046449136276,0.810634548944338,0.877278694817658,500,greedy,evaluation,Leipzig,L50,absolute,C5
LGF-Leipzig-100-80000-1-greedy-evaluation-L50-absolute-C50,0.852442610364683,0.793796928982725,0.886160076775432,500,greedy,evaluation,Leipzig,L50,absolute,C50
LGF-Leipzig-100-80000-2-greedy-evaluation-L10-absolute-C10,0.80522846975089,0.72391743772242,0.827411743772242,500,greedy,evaluation,Leipzig,L10,absolute,C10
LGF-Leipzig-100-80000-2-greedy-evaluation-L10-absolute-C25,0.816583985765124,0.744073665480427,0.837117793594306,500,greedy,evaluation,Leipzig,L10,absolute,C25
LGF-Leipzig-100-80000-2-greedy-evaluation-L10-absolute-C5,0.808413167259786,0.723801067615658,0.826571886120997,500,greedy,evaluation,Leipzig,L10,absolute,C5
LGF-Leipzig-100-80000-2-greedy-evaluation-L10-absolute-C50,0.808747330960854,0.746194306049822,0.836771174377224,500,greedy,evaluation,Leipzig,L10,absolute,C50
LGF-Leipzig-100-80000-2-greedy-evaluation-L25-absolute-C10,0.819338790035587,0.743811387900356,0.841694306049822,500,greedy,evaluation,Leipzig,L25,absolute,C10
LGF-Leipzig-100-80000-2-greedy-evaluation-L25-absolute-C25,0.815215302491103,0.738597864768683,0.842129893238434,500,greedy,evaluation,Leipzig,L25,absolute,C25
LGF-Leipzig-100-80000-2-greedy-evaluation-L25-absolute-C5,0.813614946619217,0.736988256227758,0.832961565836299,500,greedy,evaluation,Leipzig,L25,absolute,C5
LGF-Leipzig-100-80000-2-greedy-evaluation-L25-absolute-C50,0.837566548042705,0.775040925266904,0.875587900355872,500,greedy,evaluation,Leipzig,L25,absolute,C50
LGF-Leipzig-100-80000-2-greedy-evaluation-L5-absolute-C10,0.800939145907473,0.728994661921708,0.823430960854093,500,greedy,evaluation,Leipzig,L5,absolute,C10
LGF-Leipzig-100-80000-2-greedy-evaluation-L5-absolute-C25,0.795661209964413,0.727109608540925,0.816335943060498,500,greedy,evaluation,Leipzig,L5,absolute,C25
LGF-Leipzig-100-80000-2-greedy-evaluation-L5-absolute-C5,0.799313167259787,0.719522775800712,0.818439857651246,500,greedy,evaluation,Leipzig,L5,absolute,C5
LGF-Leipzig-100-80000-2-greedy-evaluation-L5-absolute-C50,0.836949110320285,0.752584697508897,0.862185053380783,500,greedy,evaluation,Leipzig,L5,absolute,C50
LGF-Leipzig-100-80000-2-greedy-evaluation-L50-absolute-C10,0.835415302491103,0.770341637010676,0.863981850533808,500,greedy,evaluation,Leipzig,L50,absolute,C10
LGF-Leipzig-100-80000-2-greedy-evaluation-L50-absolute-C25,0.849702135231317,0.788182918149466,0.883355160142349,500,greedy,evaluation,Leipzig,L50,absolute,C25
LGF-Leipzig-100-80000-2-greedy-evaluation-L50-absolute-C5,0.796622064056939,0.724733451957295,0.819022775800712,500,greedy,evaluation,Leipzig,L50,absolute,C5
LGF-Leipzig-100-80000-2-greedy-evaluation-L50-absolute-C50,0.83043665480427,0.783165480427046,0.864734163701068,500,greedy,evaluation,Leipzig,L50,absolute,C50
LGF-Leipzig-100-80000-3-greedy-evaluation-L10-absolute-C10,0.870331588785047,0.772187289719626,0.903492710280374,500,greedy,evaluation,Leipzig,L10,absolute,C10
LGF-Leipzig-100-80000-3-greedy-evaluation-L10-absolute-C25,0.868866168224299,0.789280747663551,0.900513271028037,500,greedy,evaluation,Leipzig,L10,absolute,C25
LGF-Leipzig-100-80000-3-greedy-evaluation-L10-absolute-C5,0.858375700934579,0.767969719626168,0.890483738317757,500,greedy,evaluation,Leipzig,L10,absolute,C5
LGF-Leipzig-100-80000-3-greedy-evaluation-L10-absolute-C50,0.879137196261682,0.810781308411215,0.907665046728972,500,greedy,evaluation,Leipzig,L10,absolute,C50
LGF-Leipzig-100-80000-3-greedy-evaluation-L25-absolute-C10,0.87122953271028,0.803950654205608,0.903241495327103,500,greedy,evaluation,Leipzig,L25,absolute,C10
LGF-Leipzig-100-80000-3-greedy-evaluation-L25-absolute-C25,0.879015700934579,0.7968,0.914899439252337,500,greedy,evaluation,Leipzig,L25,absolute,C25
LGF-Leipzig-100-80000-3-greedy-evaluation-L25-absolute-C5,0.870657570093458,0.777119626168224,0.900682990654206,500,greedy,evaluation,Leipzig,L25,absolute,C5
LGF-Leipzig-100-80000-3-greedy-evaluation-L25-absolute-C50,0.857232897196262,0.798364112149533,0.892579065420561,500,greedy,evaluation,Leipzig,L25,absolute,C50
LGF-Leipzig-100-80000-3-greedy-evaluation-L5-absolute-C10,0.867657570093458,0.78662429906542,0.902664672897196,500,greedy,evaluation,Leipzig,L5,absolute,C10
LGF-Leipzig-100-80000-3-greedy-evaluation-L5-absolute-C25,0.868723364485981,0.780434392523364,0.903957009345794,500,greedy,evaluation,Leipzig,L5,absolute,C25
LGF-Leipzig-100-80000-3-greedy-evaluation-L5-absolute-C5,0.868303925233645,0.778537943925234,0.903320747663551,500,greedy,evaluation,Leipzig,L5,absolute,C5
LGF-Leipzig-100-80000-3-greedy-evaluation-L5-absolute-C50,0.886086728971963,0.821277009345794,0.913250093457944,500,greedy,evaluation,Leipzig,L5,absolute,C50
LGF-Leipzig-100-80000-3-greedy-evaluation-L50-absolute-C10,0.88152523364486,0.801549158878505,0.906857570093458,500,greedy,evaluation,Leipzig,L50,absolute,C10
LGF-Leipzig-100-80000-3-greedy-evaluation-L50-absolute-C25,0.890512523364486,0.827459813084112,0.918853084112149,500,greedy,evaluation,Leipzig,L50,absolute,C25
LGF-Leipzig-100-80000-3-greedy-evaluation-L50-absolute-C5,0.866786915887851,0.769151775700935,0.896618691588785,500,greedy,evaluation,Leipzig,L50,absolute,C5
LGF-Leipzig-100-80000-3-greedy-evaluation-L50-absolute-C50,0.879183551401869,0.818365607476636,0.915786542056075,500,greedy,evaluation,Leipzig,L50,absolute,C50
LGF-Berlin-100-80000-1-greedy-bitVector-L10-absolute-C10,0.200578928571429,0.208575714285714,0.222508571428571,500,greedy,bitVector,Berlin,L10,absolute,C10
LGF-Berlin-100-80000-1-greedy-bitVector-L10-absolute-C25,0.207573214285714,0.221942857142857,0.230072857142857,500,greedy,bitVector,Berlin,L10,absolute,C25
LGF-Berlin-100-80000-1-greedy-bitVector-L10-absolute-C5,0.203391785714286,0.206913571428571,0.225923928571429,500,greedy,bitVector,Berlin,L10,absolute,C5
LGF-Berlin-100-80000-1-greedy-bitVector-L10-absolute-C50,0.203992857142857,0.210447857142857,0.218930357142857,500,greedy,bitVector,Berlin,L10,absolute,C50
LGF-Berlin-100-80000-1-greedy-bitVector-L25-absolute-C10,0.20887,0.213959285714286,0.22766,500,greedy,bitVector,Berlin,L25,absolute,C10
LGF-Berlin-100-80000-1-greedy-bitVector-L25-absolute-C25,0.198025,0.203896785714286,0.217375357142857,500,greedy,bitVector,Berlin,L25,absolute,C25
LGF-Berlin-100-80000-1-greedy-bitVector-L25-absolute-C5,0.207172142857143,0.220526071428571,0.233017857142857,500,greedy,bitVector,Berlin,L25,absolute,C5
LGF-Berlin-100-80000-1-greedy-bitVector-L25-absolute-C50,0.2046325,0.208126785714286,0.218205357142857,500,greedy,bitVector,Berlin,L25,absolute,C50
LGF-Berlin-100-80000-1-greedy-bitVector-L5-absolute-C10,0.21404,0.222538571428571,0.236618214285714,500,greedy,bitVector,Berlin,L5,absolute,C10
LGF-Berlin-100-80000-1-greedy-bitVector-L5-absolute-C25,0.1897625,0.200776428571429,0.210241785714286,500,greedy,bitVector,Berlin,L5,absolute,C25
LGF-Berlin-100-80000-1-greedy-bitVector-L5-absolute-C5,0.201485357142857,0.217923928571429,0.228931428571428,500,greedy,bitVector,Berlin,L5,absolute,C5
LGF-Berlin-100-80000-1-greedy-bitVector-L5-absolute-C50,0.212930357142857,0.228138214285714,0.2361775,500,greedy,bitVector,Berlin,L5,absolute,C50
LGF-Berlin-100-80000-1-greedy-bitVector-L50-absolute-C10,0.19594,0.2091875,0.215642142857143,500,greedy,bitVector,Berlin,L50,absolute,C10
LGF-Berlin-100-80000-1-greedy-bitVector-L50-absolute-C25,0.206476428571429,0.2123775,0.221947142857143,500,greedy,bitVector,Berlin,L50,absolute,C25
LGF-Berlin-100-80000-1-greedy-bitVector-L50-absolute-C5,0.212548571428571,0.229004285714286,0.236499285714286,500,greedy,bitVector,Berlin,L50,absolute,C5
LGF-Berlin-100-80000-1-greedy-bitVector-L50-absolute-C50,0.1837975,0.184083571428571,0.189167857142857,500,greedy,bitVector,Berlin,L50,absolute,C50
LGF-Berlin-100-80000-2-greedy-bitVector-L10-absolute-C10,0.334972075471698,0.331037358490566,0.366944528301887,500,greedy,bitVector,Berlin,L10,absolute,C10
LGF-Berlin-100-80000-2-greedy-bitVector-L10-absolute-C25,0.351987924528302,0.342710188679245,0.373292452830189,500,greedy,bitVector,Berlin,L10,absolute,C25
LGF-Berlin-100-80000-2-greedy-bitVector-L10-absolute-C5,0.350798867924528,0.348864150943396,0.383803396226415,500,greedy,bitVector,Berlin,L10,absolute,C5
LGF-Berlin-100-80000-2-greedy-bitVector-L10-absolute-C50,0.371395094339623,0.359898867924528,0.392116981132076,500,greedy,bitVector,Berlin,L10,absolute,C50
LGF-Berlin-100-80000-2-greedy-bitVector-L25-absolute-C10,0.370369433962264,0.361932452830189,0.395181132075472,500,greedy,bitVector,Berlin,L25,absolute,C10
LGF-Berlin-100-80000-2-greedy-bitVector-L25-absolute-C25,0.349156981132075,0.323851698113208,0.359960377358491,500,greedy,bitVector,Berlin,L25,absolute,C25
LGF-Berlin-100-80000-2-greedy-bitVector-L25-absolute-C5,0.342708301886793,0.339371698113208,0.375243773584906,500,greedy,bitVector,Berlin,L25,absolute,C5
LGF-Berlin-100-80000-2-greedy-bitVector-L25-absolute-C50,0.323820377358491,0.311275849056604,0.342372075471698,500,greedy,bitVector,Berlin,L25,absolute,C50
LGF-Berlin-100-80000-2-greedy-bitVector-L5-absolute-C10,0.346403773584906,0.345841132075472,0.379696603773585,500,greedy,bitVector,Berlin,L5,absolute,C10
LGF-Berlin-100-80000-2-greedy-bitVector-L5-absolute-C25,0.349663773584906,0.346695471698113,0.37869358490566,500,greedy,bitVector,Berlin,L5,absolute,C25
LGF-Berlin-100-80000-2-greedy-bitVector-L5-absolute-C5,0.347529811320755,0.345937735849057,0.375832075471698,500,greedy,bitVector,Berlin,L5,absolute,C5
LGF-Berlin-100-80000-2-greedy-bitVector-L5-absolute-C50,0.343031320754717,0.337150943396226,0.372602641509434,500,greedy,bitVector,Berlin,L5,absolute,C50
LGF-Berlin-100-80000-2-greedy-bitVector-L50-absolute-C10,0.342225660377359,0.341187547169811,0.370063396226415,500,greedy,bitVector,Berlin,L50,absolute,C10
LGF-Berlin-100-80000-2-greedy-bitVector-L50-absolute-C25,0.338954716981132,0.320491320754717,0.361709811320755,500,greedy,bitVector,Berlin,L50,absolute,C25
LGF-Berlin-100-80000-2-greedy-bitVector-L50-absolute-C5,0.331596981132075,0.328066037735849,0.35784679245283,500,greedy,bitVector,Berlin,L50,absolute,C5
LGF-Berlin-100-80000-2-greedy-bitVector-L50-absolute-C50,0.34200679245283,0.322256981132075,0.347176981132075,500,greedy,bitVector,Berlin,L50,absolute,C50
LGF-Berlin-100-80000-3-greedy-bitVector-L10-absolute-C10,0.226869097888676,0.250737044145873,0.26355547024952,500,greedy,bitVector,Berlin,L10,absolute,C10
LGF-Berlin-100-80000-3-greedy-bitVector-L10-absolute-C25,0.236738579654511,0.249168905950096,0.258181190019194,500,greedy,bitVector,Berlin,L10,absolute,C25
LGF-Berlin-100-80000-3-greedy-bitVector-L10-absolute-C5,0.231351247600768,0.251833013435701,0.261715163147793,500,greedy,bitVector,Berlin,L10,absolute,C5
LGF-Berlin-100-80000-3-greedy-bitVector-L10-absolute-C50,0.226436084452975,0.243795777351248,0.254515547024952,500,greedy,bitVector,Berlin,L10,absolute,C50
LGF-Berlin-100-80000-3-greedy-bitVector-L25-absolute-C10,0.217099040307102,0.23106679462572,0.241342034548944,500,greedy,bitVector,Berlin,L25,absolute,C10
LGF-Berlin-100-80000-3-greedy-bitVector-L25-absolute-C25,0.232799616122841,0.243128982725528,0.252646065259117,500,greedy,bitVector,Berlin,L25,absolute,C25
LGF-Berlin-100-80000-3-greedy-bitVector-L25-absolute-C5,0.237919769673704,0.255372744721689,0.26109443378119,500,greedy,bitVector,Berlin,L25,absolute,C5
LGF-Berlin-100-80000-3-greedy-bitVector-L25-absolute-C50,0.262976583493282,0.272707869481766,0.284312092130518,500,greedy,bitVector,Berlin,L25,absolute,C50
LGF-Berlin-100-80000-3-greedy-bitVector-L5-absolute-C10,0.226548176583493,0.24306103646833,0.253646449136276,500,greedy,bitVector,Berlin,L5,absolute,C10
LGF-Berlin-100-80000-3-greedy-bitVector-L5-absolute-C25,0.228753550863724,0.244976583493282,0.256573128598849,500,greedy,bitVector,Berlin,L5,absolute,C25
LGF-Berlin-100-80000-3-greedy-bitVector-L5-absolute-C5,0.220931285988483,0.235493666026871,0.251075239923225,500,greedy,bitVector,Berlin,L5,absolute,C5
LGF-Berlin-100-80000-3-greedy-bitVector-L5-absolute-C50,0.216780038387716,0.231448752399232,0.243435700575816,500,greedy,bitVector,Berlin,L5,absolute,C50
LGF-Berlin-100-80000-3-greedy-bitVector-L50-absolute-C10,0.237807677543186,0.246073704414587,0.257582725527831,500,greedy,bitVector,Berlin,L50,absolute,C10
LGF-Berlin-100-80000-3-greedy-bitVector-L50-absolute-C25,0.225273704414587,0.225887140115163,0.238981190019194,500,greedy,bitVector,Berlin,L50,absolute,C25
LGF-Berlin-100-80000-3-greedy-bitVector-L50-absolute-C5,0.226644145873321,0.244251823416507,0.255173896353167,500,greedy,bitVector,Berlin,L50,absolute,C5
LGF-Berlin-100-80000-3-greedy-bitVector-L50-absolute-C50,0.264749328214971,0.274193474088292,0.282513243761996,500,greedy,bitVector,Berlin,L50,absolute,C50
LGF-brazil58-gen4-45.oplib-11428-greedy-bitVector-L10-absolute-C10,0.694710569688284,0.689003152991759,0.707421999283411,500,greedy,bitVector,oplib,L10,absolute,C10
LGF-brazil58-gen4-45.oplib-11428-greedy-bitVector-L10-absolute-C25,0.673284414188463,0.668534933715514,0.685613256897169,500,greedy,bitVector,oplib,L10,absolute,C25
LGF-brazil58-gen4-45.oplib-11428-greedy-bitVector-L10-absolute-C5,0.688314439269079,0.678705768541741,0.700137370118237,500,greedy,bitVector,oplib,L10,absolute,C5
LGF-brazil58-gen4-45.oplib-11428-greedy-bitVector-L10-absolute-C50,0.719082837692583,0.712806091006808,0.735906413471874,500,greedy,bitVector,oplib,L10,absolute,C50
LGF-brazil58-gen4-45.oplib-11428-greedy-bitVector-L25-absolute-C10,0.684562020781082,0.686689573629524,0.702459835184522,500,greedy,bitVector,oplib,L25,absolute,C10
LGF-brazil58-gen4-45.oplib-11428-greedy-bitVector-L25-absolute-C25,0.728066284485847,0.727462844858474,0.74855406664278,500,greedy,bitVector,oplib,L25,absolute,C25
LGF-brazil58-gen4-45.oplib-11428-greedy-bitVector-L25-absolute-C5,0.667140379792189,0.658282264421354,0.678645503403798,500,greedy,bitVector,oplib,L25,absolute,C5
LGF-brazil58-gen4-45.oplib-11428-greedy-bitVector-L25-absolute-C50,0.71824772482981,0.724150483697599,0.740499175922608,500,greedy,bitVector,oplib,L25,absolute,C50
LGF-brazil58-gen4-45.oplib-11428-greedy-bitVector-L5-absolute-C10,0.692381726979577,0.687560014331781,0.704166176997492,500,greedy,bitVector,oplib,L5,absolute,C10
LGF-brazil58-gen4-45.oplib-11428-greedy-bitVector-L5-absolute-C25,0.672152418487997,0.669480831243282,0.683955141526335,500,greedy,bitVector,oplib,L5,absolute,C25
LGF-brazil58-gen4-45.oplib-11428-greedy-bitVector-L5-absolute-C5,0.689207380867073,0.681063633106413,0.702285059118596,500,greedy,bitVector,oplib,L5,absolute,C5
LGF-brazil58-gen4-45.oplib-11428-greedy-bitVector-L5-absolute-C50,0.715346470798997,0.707397133643855,0.730053385883196,500,greedy,bitVector,oplib,L5,absolute,C50
LGF-brazil58-gen4-45.oplib-11428-greedy-bitVector-L50-absolute-C10,0.723692225008957,0.709261769974919,0.739571193120745,500,greedy,bitVector,oplib,L50,absolute,C10
LGF-brazil58-gen4-45.oplib-11428-greedy-bitVector-L50-absolute-C25,0.742578430670011,0.721961805804371,0.767234539591544,500,greedy,bitVector,oplib,L50,absolute,C25
LGF-brazil58-gen4-45.oplib-11428-greedy-bitVector-L50-absolute-C5,0.684780580437119,0.677675170189896,0.702915944106055,500,greedy,bitVector,oplib,L50,absolute,C5
LGF-brazil58-gen4-45.oplib-11428-greedy-bitVector-L50-absolute-C50,0.720786886420638,0.699247653170906,0.734766893586528,500,greedy,bitVector,oplib,L50,absolute,C50
LGF-gr120-gen4-85.oplib-5901-greedy-bitVector-L10-absolute-C10,0.950824386141944,0.910263874873865,0.96453181971073,500,greedy,bitVector,oplib,L10,absolute,C10
LGF-gr120-gen4-85.oplib-5901-greedy-bitVector-L10-absolute-C25,0.951725428859738,0.918852606794484,0.961664715775311,500,greedy,bitVector,oplib,L10,absolute,C25
LGF-gr120-gen4-85.oplib-5901-greedy-bitVector-L10-absolute-C5,0.951819979818365,0.915436730575177,0.96097914564413,500,greedy,bitVector,oplib,L10,absolute,C5
LGF-gr120-gen4-85.oplib-5901-greedy-bitVector-L10-absolute-C50,0.943942213252607,0.904801109989909,0.954532156071308,500,greedy,bitVector,oplib,L10,absolute,C50
LGF-gr120-gen4-85.oplib-5901-greedy-bitVector-L25-absolute-C10,0.95124513958964,0.917394382778338,0.962030844265052,500,greedy,bitVector,oplib,L25,absolute,C10
LGF-gr120-gen4-85.oplib-5901-greedy-bitVector-L25-absolute-C25,0.959635452404978,0.93471802892701,0.974015708039018,500,greedy,bitVector,oplib,L25,absolute,C25
LGF-gr120-gen4-85.oplib-5901-greedy-bitVector-L25-absolute-C5,0.952215943491423,0.913937571476623,0.962017759838547,500,greedy,bitVector,oplib,L25,absolute,C5
LGF-gr120-gen4-85.oplib-5901-greedy-bitVector-L25-absolute-C50,0.950423881601076,0.925623713420787,0.964377564749411,500,greedy,bitVector,oplib,L25,absolute,C50
LGF-gr120-gen4-85.oplib-5901-greedy-bitVector-L5-absolute-C10,0.952555869492095,0.913024554322233,0.963234342415069,500,greedy,bitVector,oplib,L5,absolute,C10
LGF-gr120-gen4-85.oplib-5901-greedy-bitVector-L5-absolute-C25,0.947762933064245,0.913251160443996,0.961824991590986,500,greedy,bitVector,oplib,L5,absolute,C25
LGF-gr120-gen4-85.oplib-5901-greedy-bitVector-L5-absolute-C5,0.950842549613185,0.91005845946855,0.962037672384796,500,greedy,bitVector,oplib,L5,absolute,C5
LGF-gr120-gen4-85.oplib-5901-greedy-bitVector-L5-absolute-C50,0.949462563067608,0.915394483686512,0.959899293642785,500,greedy,bitVector,oplib,L5,absolute,C50
LGF-gr120-gen4-85.oplib-5901-greedy-bitVector-L50-absolute-C10,0.953650050454087,0.905735654221325,0.964473898419105,500,greedy,bitVector,oplib,L50,absolute,C10
LGF-gr120-gen4-85.oplib-5901-greedy-bitVector-L50-absolute-C25,0.935488059199462,0.886352438614194,0.945020282542886,500,greedy,bitVector,oplib,L50,absolute,C25
LGF-gr120-gen4-85.oplib-5901-greedy-bitVector-L50-absolute-C5,0.951471543895055,0.908106861755802,0.966877968382106,500,greedy,bitVector,oplib,L50,absolute,C5
LGF-gr120-gen4-85.oplib-5901-greedy-bitVector-L50-absolute-C50,0.950609317188026,0.908121695257316,0.960161183989237,500,greedy,bitVector,oplib,L50,absolute,C50
LGF-gr48-gen4-80.oplib-4037-greedy-bitVector-L10-absolute-C10,0.928967669819432,0.918979879621668,0.933631384350817,500,greedy,bitVector,oplib,L10,absolute,C10
LGF-gr48-gen4-80.oplib-4037-greedy-bitVector-L10-absolute-C25,0.92348271711092,0.905971969045572,0.926707308684437,500,greedy,bitVector,oplib,L10,absolute,C25
LGF-gr48-gen4-80.oplib-4037-greedy-bitVector-L10-absolute-C5,0.930155717970765,0.918108856405847,0.934987274290628,500,greedy,bitVector,oplib,L10,absolute,C5
LGF-gr48-gen4-80.oplib-4037-greedy-bitVector-L10-absolute-C50,0.918304041272571,0.891726999140155,0.920027085124678,500,greedy,bitVector,oplib,L10,absolute,C50
LGF-gr48-gen4-80.oplib-4037-greedy-bitVector-L25-absolute-C10,0.932987704213242,0.919797764402408,0.938474118658641,500,greedy,bitVector,oplib,L25,absolute,C10
LGF-gr48-gen4-80.oplib-4037-greedy-bitVector-L25-absolute-C25,0.933932244196045,0.907093035253654,0.936907222699914,500,greedy,bitVector,oplib,L25,absolute,C25
LGF-gr48-gen4-80.oplib-4037-greedy-bitVector-L25-absolute-C5,0.93486173688736,0.921152106620808,0.937913069647463,500,greedy,bitVector,oplib,L25,absolute,C5
LGF-gr48-gen4-80.oplib-4037-greedy-bitVector-L25-absolute-C50,0.932829750644884,0.910220292347377,0.935788993981083,500,greedy,bitVector,oplib,L25,absolute,C50
LGF-gr48-gen4-80.oplib-4037-greedy-bitVector-L5-absolute-C10,0.931359931212382,0.922408598452279,0.935699484092864,500,greedy,bitVector,oplib,L5,absolute,C10
LGF-gr48-gen4-80.oplib-4037-greedy-bitVector-L5-absolute-C25,0.935781943250215,0.92048890799656,0.941744110060189,500,greedy,bitVector,oplib,L5,absolute,C25
LGF-gr48-gen4-80.oplib-4037-greedy-bitVector-L5-absolute-C5,0.931438177128117,0.911944282029235,0.936485726569217,500,greedy,bitVector,oplib,L5,absolute,C5
LGF-gr48-gen4-80.oplib-4037-greedy-bitVector-L5-absolute-C50,0.931265778159931,0.903032674118659,0.935643164230438,500,greedy,bitVector,oplib,L5,absolute,C50
LGF-gr48-gen4-80.oplib-4037-greedy-bitVector-L50-absolute-C10,0.914092519346518,0.895331986242476,0.919573000859845,500,greedy,bitVector,oplib,L50,absolute,C10
LGF-gr48-gen4-80.oplib-4037-greedy-bitVector-L50-absolute-C25,0.940775150472915,0.919742132416165,0.944996560619089,500,greedy,bitVector,oplib,L50,absolute,C25
LGF-gr48-gen4-80.oplib-4037-greedy-bitVector-L50-absolute-C5,0.934688048151333,0.919586242476354,0.938379277730009,500,greedy,bitVector,oplib,L50,absolute,C5
LGF-gr48-gen4-80.oplib-4037-greedy-bitVector-L50-absolute-C50,0.953605932932072,0.93300834049871,0.956812983662941,500,greedy,bitVector,oplib,L50,absolute,C50
LGF-hk48-gen4-80.oplib-9169-greedy-bitVector-L10-absolute-C10,0.899982459157352,0.874904385210662,0.905519260533104,500,greedy,bitVector,oplib,L10,absolute,C10
LGF-hk48-gen4-80.oplib-9169-greedy-bitVector-L10-absolute-C25,0.906036887360275,0.879803353396389,0.911775838349097,500,greedy,bitVector,oplib,L10,absolute,C25
LGF-hk48-gen4-80.oplib-9169-greedy-bitVector-L10-absolute-C5,0.892120722269992,0.879007566638005,0.901434651762683,500,greedy,bitVector,oplib,L10,absolute,C5
LGF-hk48-gen4-80.oplib-9169-greedy-bitVector-L10-absolute-C50,0.884138865004299,0.865216251074807,0.889687790197764,500,greedy,bitVector,oplib,L10,absolute,C50
LGF-hk48-gen4-80.oplib-9169-greedy-bitVector-L25-absolute-C10,0.900918658641445,0.884450902837489,0.907255460017197,500,greedy,bitVector,oplib,L25,absolute,C10
LGF-hk48-gen4-80.oplib-9169-greedy-bitVector-L25-absolute-C25,0.900825709372313,0.883392863284609,0.899543594153052,500,greedy,bitVector,oplib,L25,absolute,C25
LGF-hk48-gen4-80.oplib-9169-greedy-bitVector-L25-absolute-C5,0.89738056749785,0.880771711092003,0.901863284608771,500,greedy,bitVector,oplib,L25,absolute,C5
LGF-hk48-gen4-80.oplib-9169-greedy-bitVector-L25-absolute-C50,0.915856147893379,0.884634479793637,0.920783748925193,500,greedy,bitVector,oplib,L25,absolute,C50
LGF-hk48-gen4-80.oplib-9169-greedy-bitVector-L5-absolute-C10,0.893375838349097,0.874908254514187,0.900006276870163,500,greedy,bitVector,oplib,L5,absolute,C10
LGF-hk48-gen4-80.oplib-9169-greedy-bitVector-L5-absolute-C25,0.907989079965606,0.879940584694755,0.913821066208083,500,greedy,bitVector,oplib,L5,absolute,C25
LGF-hk48-gen4-80.oplib-9169-greedy-bitVector-L5-absolute-C5,0.895092347377472,0.877099828030954,0.902800429922614,500,greedy,bitVector,oplib,L5,absolute,C5
LGF-hk48-gen4-80.oplib-9169-greedy-bitVector-L5-absolute-C50,0.893483920894239,0.876647291487532,0.902753224419604,500,greedy,bitVector,oplib,L5,absolute,C50
LGF-hk48-gen4-80.oplib-9169-greedy-bitVector-L50-absolute-C10,0.902242820292347,0.890615993121238,0.909569045571797,500,greedy,bitVector,oplib,L50,absolute,C10
LGF-hk48-gen4-80.oplib-9169-greedy-bitVector-L50-absolute-C25,0.895733877901978,0.86413456577816,0.8973660361135,500,greedy,bitVector,oplib,L50,absolute,C25
LGF-hk48-gen4-80.oplib-9169-greedy-bitVector-L50-absolute-C5,0.890743938091144,0.873374806534824,0.895222269991402,500,greedy,bitVector,oplib,L50,absolute,C5
LGF-hk48-gen4-80.oplib-9169-greedy-bitVector-L50-absolute-C50,0.922428804815133,0.903422269991402,0.927938521066208,500,greedy,bitVector,oplib,L50,absolute,C50
LGF-Leipzig-100-80000-1-greedy-bitVector-L10-absolute-C10,0.855384644913628,0.840834165067178,0.878014587332054,500,greedy,bitVector,Leipzig,L10,absolute,C10
LGF-Leipzig-100-80000-1-greedy-bitVector-L10-absolute-C25,0.847837619961612,0.834244913627639,0.865706717850288,500,greedy,bitVector,Leipzig,L10,absolute,C25
LGF-Leipzig-100-80000-1-greedy-bitVector-L10-absolute-C5,0.844326679462572,0.833852975047985,0.86899424184261,500,greedy,bitVector,Leipzig,L10,absolute,C5
LGF-Leipzig-100-80000-1-greedy-bitVector-L10-absolute-C50,0.85051094049904,0.834246449136276,0.879552015355086,500,greedy,bitVector,Leipzig,L10,absolute,C50
LGF-Leipzig-100-80000-1-greedy-bitVector-L25-absolute-C10,0.841790403071017,0.82739462571977,0.867382725527831,500,greedy,bitVector,Leipzig,L25,absolute,C10
LGF-Leipzig-100-80000-1-greedy-bitVector-L25-absolute-C25,0.852414587332054,0.827423800383877,0.879398464491363,500,greedy,bitVector,Leipzig,L25,absolute,C25
LGF-Leipzig-100-80000-1-greedy-bitVector-L25-absolute-C5,0.836922840690979,0.823509021113244,0.860737428023033,500,greedy,bitVector,Leipzig,L25,absolute,C5
LGF-Leipzig-100-80000-1-greedy-bitVector-L25-absolute-C50,0.838078694817658,0.820590403071017,0.863074088291747,500,greedy,bitVector,Leipzig,L25,absolute,C50
LGF-Leipzig-100-80000-1-greedy-bitVector-L5-absolute-C10,0.853588483685221,0.843830326295585,0.875036084452975,500,greedy,bitVector,Leipzig,L5,absolute,C10
LGF-Leipzig-100-80000-1-greedy-bitVector-L5-absolute-C25,0.841158157389635,0.821756238003839,0.866909788867562,500,greedy,bitVector,Leipzig,L5,absolute,C25
LGF-Leipzig-100-80000-1-greedy-bitVector-L5-absolute-C5,0.853929366602687,0.841722840690979,0.880218042226488,500,greedy,bitVector,Leipzig,L5,absolute,C5
LGF-Leipzig-100-80000-1-greedy-bitVector-L5-absolute-C50,0.839781573896353,0.825655278310941,0.865461804222649,500,greedy,bitVector,Leipzig,L5,absolute,C50
LGF-Leipzig-100-80000-1-greedy-bitVector-L50-absolute-C10,0.843508637236084,0.817201151631478,0.869254894433781,500,greedy,bitVector,Leipzig,L50,absolute,C10
LGF-Leipzig-100-80000-1-greedy-bitVector-L50-absolute-C25,0.837367754318618,0.799127063339731,0.854633013435701,500,greedy,bitVector,Leipzig,L50,absolute,C25
LGF-Leipzig-100-80000-1-greedy-bitVector-L50-absolute-C5,0.849197696737044,0.837454126679463,0.875958157389635,500,greedy,bitVector,Leipzig,L50,absolute,C5
LGF-Leipzig-100-80000-1-greedy-bitVector-L50-absolute-C50,0.872967370441459,0.858385796545106,0.899638003838772,500,greedy,bitVector,Leipzig,L50,absolute,C50
LGF-Leipzig-100-80000-2-greedy-bitVector-L10-absolute-C10,0.803504270462633,0.747775088967971,0.820917793594306,500,greedy,bitVector,Leipzig,L10,absolute,C10
LGF-Leipzig-100-80000-2-greedy-bitVector-L10-absolute-C25,0.798231316725979,0.755477580071174,0.813227046263345,500,greedy,bitVector,Leipzig,L10,absolute,C25
LGF-Leipzig-100-80000-2-greedy-bitVector-L10-absolute-C5,0.811399644128114,0.7524871886121,0.831318861209964,500,greedy,bitVector,Leipzig,L10,absolute,C5
LGF-Leipzig-100-80000-2-greedy-bitVector-L10-absolute-C50,0.835455160142349,0.779975088967972,0.846260498220641,500,greedy,bitVector,Leipzig,L10,absolute,C50
LGF-Leipzig-100-80000-2-greedy-bitVector-L25-absolute-C10,0.81178896797153,0.759851957295374,0.830473309608541,500,greedy,bitVector,Leipzig,L25,absolute,C10
LGF-Leipzig-100-80000-2-greedy-bitVector-L25-absolute-C25,0.805364412811388,0.776503914590747,0.829891459074733,500,greedy,bitVector,Leipzig,L25,absolute,C25
LGF-Leipzig-100-80000-2-greedy-bitVector-L25-absolute-C5,0.815072953736655,0.754478647686833,0.827784697508897,500,greedy,bitVector,Leipzig,L25,absolute,C5
LGF-Leipzig-100-80000-2-greedy-bitVector-L25-absolute-C50,0.853375444839858,0.797642348754448,0.871682918149466,500,greedy,bitVector,Leipzig,L25,absolute,C50
LGF-Leipzig-100-80000-2-greedy-bitVector-L5-absolute-C10,0.809207829181494,0.743016370106762,0.823908540925267,500,greedy,bitVector,Leipzig,L5,absolute,C10
LGF-Leipzig-100-80000-2-greedy-bitVector-L5-absolute-C25,0.806439145907473,0.746574733096085,0.821412099644128,500,greedy,bitVector,Leipzig,L5,absolute,C25
LGF-Leipzig-100-80000-2-greedy-bitVector-L5-absolute-C5,0.810067259786477,0.750234519572954,0.823887544483986,500,greedy,bitVector,Leipzig,L5,absolute,C5
LGF-Leipzig-100-80000-2-greedy-bitVector-L5-absolute-C50,0.811738790035587,0.769045195729537,0.829699288256228,500,greedy,bitVector,Leipzig,L5,absolute,C50
LGF-Leipzig-100-80000-2-greedy-bitVector-L50-absolute-C10,0.826255871886121,0.775438790035587,0.845509964412811,500,greedy,bitVector,Leipzig,L50,absolute,C10
LGF-Leipzig-100-80000-2-greedy-bitVector-L50-absolute-C25,0.848661209964413,0.820056939501779,0.870753380782918,500,greedy,bitVector,Leipzig,L50,absolute,C25
LGF-Leipzig-100-80000-2-greedy-bitVector-L50-absolute-C5,0.79548256227758,0.749370462633452,0.810040213523132,500,greedy,bitVector,Leipzig,L50,absolute,C5
LGF-Leipzig-100-80000-2-greedy-bitVector-L50-absolute-C50,0.8399,0.814800711743772,0.86244590747331,500,greedy,bitVector,Leipzig,L50,absolute,C50
LGF-Leipzig-100-80000-3-greedy-bitVector-L10-absolute-C10,0.86900261682243,0.812349906542056,0.885174205607477,500,greedy,bitVector,Leipzig,L10,absolute,C10
LGF-Leipzig-100-80000-3-greedy-bitVector-L10-absolute-C25,0.855380186915888,0.829301682242991,0.873727102803738,500,greedy,bitVector,Leipzig,L10,absolute,C25
LGF-Leipzig-100-80000-3-greedy-bitVector-L10-absolute-C5,0.866352523364486,0.805626915887851,0.880699439252336,500,greedy,bitVector,Leipzig,L10,absolute,C5
LGF-Leipzig-100-80000-3-greedy-bitVector-L10-absolute-C50,0.877577943925234,0.843235514018692,0.892651962616822,500,greedy,bitVector,Leipzig,L10,absolute,C50
LGF-Leipzig-100-80000-3-greedy-bitVector-L25-absolute-C10,0.855481869158878,0.810183551401869,0.869305046728972,500,greedy,bitVector,Leipzig,L25,absolute,C10
LGF-Leipzig-100-80000-3-greedy-bitVector-L25-absolute-C25,0.860035140186916,0.821770093457944,0.874128971962617,500,greedy,bitVector,Leipzig,L25,absolute,C25
LGF-Leipzig-100-80000-3-greedy-bitVector-L25-absolute-C5,0.869408598130841,0.814400373831776,0.883838130841121,500,greedy,bitVector,Leipzig,L25,absolute,C5
LGF-Leipzig-100-80000-3-greedy-bitVector-L25-absolute-C50,0.861128224299065,0.823034018691589,0.880130841121495,500,greedy,bitVector,Leipzig,L25,absolute,C50
LGF-Leipzig-100-80000-3-greedy-bitVector-L5-absolute-C10,0.868142056074766,0.801643364485981,0.88192785046729,500,greedy,bitVector,Leipzig,L5,absolute,C10
LGF-Leipzig-100-80000-3-greedy-bitVector-L5-absolute-C25,0.86471214953271,0.80620785046729,0.877106168224299,500,greedy,bitVector,Leipzig,L5,absolute,C25
LGF-Leipzig-100-80000-3-greedy-bitVector-L5-absolute-C5,0.863619813084112,0.800190654205607,0.879151775700935,500,greedy,bitVector,Leipzig,L5,absolute,C5
LGF-Leipzig-100-80000-3-greedy-bitVector-L5-absolute-C50,0.877941308411215,0.824465420560748,0.893096448598131,500,greedy,bitVector,Leipzig,L5,absolute,C50
LGF-Leipzig-100-80000-3-greedy-bitVector-L50-absolute-C10,0.862542056074766,0.800545794392523,0.871646355140187,500,greedy,bitVector,Leipzig,L50,absolute,C10
LGF-Leipzig-100-80000-3-greedy-bitVector-L50-absolute-C25,0.857192897196262,0.812031775700935,0.878814579439252,500,greedy,bitVector,Leipzig,L50,absolute,C25
LGF-Leipzig-100-80000-3-greedy-bitVector-L50-absolute-C5,0.866424299065421,0.818425794392523,0.882148411214953,500,greedy,bitVector,Leipzig,L50,absolute,C5
LGF-Leipzig-100-80000-3-greedy-bitVector-L50-absolute-C50,0.887349158878505,0.840110280373832,0.903286355140187,500,greedy,bitVector,Leipzig,L50,absolute,C50
