instance,ea,gsr,vns,initialSolution,timeMeasure,instanceSet,dynamicFrequency,dynamicChangeType,dynamicIntensity
LGF-Berlin-100-80000-1-greedy-evaluation-none,0.872185085470151,0.86190707868385,1,greedy,evaluation,Berlin,none,NA,NA
LGF-Berlin-100-80000-2-greedy-evaluation-none,0.866470452682579,0.780952075366394,1,greedy,evaluation,Berlin,none,NA,NA
LGF-Berlin-100-80000-3-greedy-evaluation-none,0.871383193327913,0.884935115767922,1,greedy,evaluation,Berlin,none,NA,NA
LGF-brazil58-gen4-45.oplib-11428-greedy-evaluation-none,0.974099644507299,0.941479011885274,1,greedy,evaluation,oplib,none,NA,NA
LGF-gr120-gen4-85.oplib-5901-greedy-evaluation-none,0.98837848107019,0.913282184358342,1,greedy,evaluation,oplib,none,NA,NA
LGF-gr48-gen4-80.oplib-4037-greedy-evaluation-none,0.992200129394478,0.956134778326708,1,greedy,evaluation,oplib,none,NA,NA
LGF-hk48-gen4-80.oplib-9169-greedy-evaluation-none,0.992035327558422,0.948019892216072,1,greedy,evaluation,oplib,none,NA,NA
LGF-Leipzig-100-80000-1-greedy-evaluation-none,0.968299998161583,0.91872314050672,1,greedy,evaluation,Leipzig,none,NA,NA
LGF-Leipzig-100-80000-2-greedy-evaluation-none,0.979705449393194,0.880445965279317,1,greedy,evaluation,Leipzig,none,NA,NA
LGF-Leipzig-100-80000-3-greedy-evaluation-none,0.967654987644427,0.863427962996943,1,greedy,evaluation,Leipzig,none,NA,NA
LGF-Berlin-100-80000-1-greedy-bitVector-none,0.885479618449916,0.908552295484631,1,greedy,bitVector,Berlin,none,NA,NA
LGF-Berlin-100-80000-2-greedy-bitVector-none,0.902878049852113,0.852887136748808,1,greedy,bitVector,Berlin,none,NA,NA
LGF-Berlin-100-80000-3-greedy-bitVector-none,0.886613731334229,0.938434236570883,1,greedy,bitVector,Berlin,none,NA,NA
LGF-brazil58-gen4-45.oplib-11428-greedy-bitVector-none,0.983943989082031,0.965736203601915,1,greedy,bitVector,oplib,none,NA,NA
LGF-gr120-gen4-85.oplib-5901-greedy-bitVector-none,0.988954638834411,0.945718611196656,1,greedy,bitVector,oplib,none,NA,NA
LGF-gr48-gen4-80.oplib-4037-greedy-bitVector-none,0.995874335337621,0.972519824938211,1,greedy,bitVector,oplib,none,NA,NA
LGF-hk48-gen4-80.oplib-9169-greedy-bitVector-none,0.992789391921544,0.967814972328209,1,greedy,bitVector,oplib,none,NA,NA
LGF-Leipzig-100-80000-1-greedy-bitVector-none,0.976294467766064,0.958838029289753,1,greedy,bitVector,Leipzig,none,NA,NA
LGF-Leipzig-100-80000-2-greedy-bitVector-none,0.98239797463972,0.905635954472671,1,greedy,bitVector,Leipzig,none,NA,NA
LGF-Leipzig-100-80000-3-greedy-bitVector-none,0.985502942720542,0.905169692488469,1,greedy,bitVector,Leipzig,none,NA,NA
LGF-Berlin-100-80000-1-greedy-evaluation-L10-absolute-C10,0.891359792384446,0.865844855101645,1,greedy,evaluation,Berlin,L10,absolute,C10
LGF-Berlin-100-80000-1-greedy-evaluation-L10-absolute-C25,0.889785075667644,0.91587982832618,1,greedy,evaluation,Berlin,L10,absolute,C25
LGF-Berlin-100-80000-1-greedy-evaluation-L10-absolute-C5,0.896086082320826,0.902226834710281,1,greedy,evaluation,Berlin,L10,absolute,C5
LGF-Berlin-100-80000-1-greedy-evaluation-L10-absolute-C50,0.883445226233015,0.879091163714448,1,greedy,evaluation,Berlin,L10,absolute,C50
LGF-Berlin-100-80000-1-greedy-evaluation-L25-absolute-C10,0.892354304957751,0.918853307811857,1,greedy,evaluation,Berlin,L25,absolute,C10
LGF-Berlin-100-80000-1-greedy-evaluation-L25-absolute-C25,0.884748445515198,0.86319951816063,1,greedy,evaluation,Berlin,L25,absolute,C25
LGF-Berlin-100-80000-1-greedy-evaluation-L25-absolute-C5,0.886529308147815,0.875307635609525,1,greedy,evaluation,Berlin,L25,absolute,C5
LGF-Berlin-100-80000-1-greedy-evaluation-L25-absolute-C50,0.901303055703727,0.913683354923925,1,greedy,evaluation,Berlin,L25,absolute,C50
LGF-Berlin-100-80000-1-greedy-evaluation-L5-absolute-C10,0.903265600989353,0.900082037970111,1,greedy,evaluation,Berlin,L5,absolute,C10
LGF-Berlin-100-80000-1-greedy-evaluation-L5-absolute-C25,0.880369227897737,0.910032779891444,1,greedy,evaluation,Berlin,L5,absolute,C25
LGF-Berlin-100-80000-1-greedy-evaluation-L5-absolute-C5,0.881565305208238,0.911555063799071,1,greedy,evaluation,Berlin,L5,absolute,C5
LGF-Berlin-100-80000-1-greedy-evaluation-L5-absolute-C50,0.884430651913045,0.91466333918419,1,greedy,evaluation,Berlin,L5,absolute,C50
LGF-Berlin-100-80000-1-greedy-evaluation-L50-absolute-C10,0.890791588709356,0.896459422619448,1,greedy,evaluation,Berlin,L50,absolute,C10
LGF-Berlin-100-80000-1-greedy-evaluation-L50-absolute-C25,0.847977332286858,0.868152461655116,1,greedy,evaluation,Berlin,L50,absolute,C25
LGF-Berlin-100-80000-1-greedy-evaluation-L50-absolute-C5,0.870730180218292,0.901348675860902,1,greedy,evaluation,Berlin,L50,absolute,C5
LGF-Berlin-100-80000-1-greedy-evaluation-L50-absolute-C50,0.876522664013801,0.861784175935823,1,greedy,evaluation,Berlin,L50,absolute,C50
LGF-Berlin-100-80000-2-greedy-evaluation-L10-absolute-C10,0.877885343606968,0.785790657268538,1,greedy,evaluation,Berlin,L10,absolute,C10
LGF-Berlin-100-80000-2-greedy-evaluation-L10-absolute-C25,0.906873683139283,0.80995556125122,1,greedy,evaluation,Berlin,L10,absolute,C25
LGF-Berlin-100-80000-2-greedy-evaluation-L10-absolute-C5,0.898982513332716,0.810635924350319,1,greedy,evaluation,Berlin,L10,absolute,C5
LGF-Berlin-100-80000-2-greedy-evaluation-L10-absolute-C50,0.896901595518888,0.845572185108113,1,greedy,evaluation,Berlin,L10,absolute,C50
LGF-Berlin-100-80000-2-greedy-evaluation-L25-absolute-C10,0.898792955677087,0.8277793649498,1,greedy,evaluation,Berlin,L25,absolute,C10
LGF-Berlin-100-80000-2-greedy-evaluation-L25-absolute-C25,0.901726442261322,0.86072814619875,1,greedy,evaluation,Berlin,L25,absolute,C25
LGF-Berlin-100-80000-2-greedy-evaluation-L25-absolute-C5,0.905020676062942,0.812601200250457,1,greedy,evaluation,Berlin,L25,absolute,C5
LGF-Berlin-100-80000-2-greedy-evaluation-L25-absolute-C50,0.911117291663101,0.861699214404299,1,greedy,evaluation,Berlin,L25,absolute,C50
LGF-Berlin-100-80000-2-greedy-evaluation-L5-absolute-C10,0.892734776590572,0.823346758528056,1,greedy,evaluation,Berlin,L5,absolute,C10
LGF-Berlin-100-80000-2-greedy-evaluation-L5-absolute-C25,0.905006849461576,0.852224610259591,1,greedy,evaluation,Berlin,L5,absolute,C25
LGF-Berlin-100-80000-2-greedy-evaluation-L5-absolute-C5,0.891815676220756,0.79797672338374,1,greedy,evaluation,Berlin,L5,absolute,C5
LGF-Berlin-100-80000-2-greedy-evaluation-L5-absolute-C50,0.887093548246269,0.804875745844742,1,greedy,evaluation,Berlin,L5,absolute,C50
LGF-Berlin-100-80000-2-greedy-evaluation-L50-absolute-C10,0.887641851207827,0.8085514010557,1,greedy,evaluation,Berlin,L50,absolute,C10
LGF-Berlin-100-80000-2-greedy-evaluation-L50-absolute-C25,0.895396463667986,0.786552568842887,1,greedy,evaluation,Berlin,L50,absolute,C25
LGF-Berlin-100-80000-2-greedy-evaluation-L50-absolute-C5,0.886003205109795,0.809442437261986,1,greedy,evaluation,Berlin,L50,absolute,C5
LGF-Berlin-100-80000-2-greedy-evaluation-L50-absolute-C50,0.878659235386187,0.824316108848623,1,greedy,evaluation,Berlin,L50,absolute,C50
LGF-Berlin-100-80000-3-greedy-evaluation-L10-absolute-C10,0.865871457815539,0.912799038785862,1,greedy,evaluation,Berlin,L10,absolute,C10
LGF-Berlin-100-80000-3-greedy-evaluation-L10-absolute-C25,0.871629416992304,0.901641847153666,1,greedy,evaluation,Berlin,L10,absolute,C25
LGF-Berlin-100-80000-3-greedy-evaluation-L10-absolute-C5,0.880339877569336,0.90158988331258,1,greedy,evaluation,Berlin,L10,absolute,C5
LGF-Berlin-100-80000-3-greedy-evaluation-L10-absolute-C50,0.883741277394848,0.889905404128318,1,greedy,evaluation,Berlin,L10,absolute,C50
LGF-Berlin-100-80000-3-greedy-evaluation-L25-absolute-C10,0.891766908841516,0.902926587725065,1,greedy,evaluation,Berlin,L25,absolute,C10
LGF-Berlin-100-80000-3-greedy-evaluation-L25-absolute-C25,0.889977874970775,0.837362502637326,1,greedy,evaluation,Berlin,L25,absolute,C25
LGF-Berlin-100-80000-3-greedy-evaluation-L25-absolute-C5,0.880009910554462,0.893947323732716,1,greedy,evaluation,Berlin,L25,absolute,C5
LGF-Berlin-100-80000-3-greedy-evaluation-L25-absolute-C50,0.88799173069453,0.866274269687333,1,greedy,evaluation,Berlin,L25,absolute,C50
LGF-Berlin-100-80000-3-greedy-evaluation-L5-absolute-C10,0.870523642476065,0.906016285414992,1,greedy,evaluation,Berlin,L5,absolute,C10
LGF-Berlin-100-80000-3-greedy-evaluation-L5-absolute-C25,0.86993243738797,0.906315916085065,1,greedy,evaluation,Berlin,L5,absolute,C25
LGF-Berlin-100-80000-3-greedy-evaluation-L5-absolute-C5,0.863189200221593,0.91657870950812,1,greedy,evaluation,Berlin,L5,absolute,C5
LGF-Berlin-100-80000-3-greedy-evaluation-L5-absolute-C50,0.869564724198658,0.889551849404611,1,greedy,evaluation,Berlin,L5,absolute,C50
LGF-Berlin-100-80000-3-greedy-evaluation-L50-absolute-C10,0.909056883977369,0.917223321168102,1,greedy,evaluation,Berlin,L50,absolute,C10
LGF-Berlin-100-80000-3-greedy-evaluation-L50-absolute-C25,0.930846736619148,0.843145317552117,1,greedy,evaluation,Berlin,L50,absolute,C25
LGF-Berlin-100-80000-3-greedy-evaluation-L50-absolute-C5,0.884200023566751,0.893602239147434,1,greedy,evaluation,Berlin,L50,absolute,C5
LGF-Berlin-100-80000-3-greedy-evaluation-L50-absolute-C50,0.928023032629559,0.900513608498466,1,greedy,evaluation,Berlin,L50,absolute,C50
LGF-brazil58-gen4-45.oplib-11428-greedy-evaluation-L10-absolute-C10,0.973594514315515,0.941903972126049,1,greedy,evaluation,oplib,L10,absolute,C10
LGF-brazil58-gen4-45.oplib-11428-greedy-evaluation-L10-absolute-C25,0.96398120511128,0.928568415294285,1,greedy,evaluation,oplib,L10,absolute,C25
LGF-brazil58-gen4-45.oplib-11428-greedy-evaluation-L10-absolute-C5,0.970590204395782,0.940677025622456,1,greedy,evaluation,oplib,L10,absolute,C5
LGF-brazil58-gen4-45.oplib-11428-greedy-evaluation-L10-absolute-C50,0.968063966296634,0.932350700589447,1,greedy,evaluation,oplib,L10,absolute,C50
LGF-brazil58-gen4-45.oplib-11428-greedy-evaluation-L25-absolute-C10,0.964698668894467,0.941020325676498,1,greedy,evaluation,oplib,L25,absolute,C10
LGF-brazil58-gen4-45.oplib-11428-greedy-evaluation-L25-absolute-C25,0.956907152692867,0.934411774645055,1,greedy,evaluation,oplib,L25,absolute,C25
LGF-brazil58-gen4-45.oplib-11428-greedy-evaluation-L25-absolute-C5,0.97000299844956,0.930447285102926,1,greedy,evaluation,oplib,L25,absolute,C5
LGF-brazil58-gen4-45.oplib-11428-greedy-evaluation-L25-absolute-C50,0.955589931294084,0.920780130670534,1,greedy,evaluation,oplib,L25,absolute,C50
LGF-brazil58-gen4-45.oplib-11428-greedy-evaluation-L5-absolute-C10,0.974812480384585,0.939476251519804,1,greedy,evaluation,oplib,L5,absolute,C10
LGF-brazil58-gen4-45.oplib-11428-greedy-evaluation-L5-absolute-C25,0.970251285940889,0.935051899997471,1,greedy,evaluation,oplib,L5,absolute,C25
LGF-brazil58-gen4-45.oplib-11428-greedy-evaluation-L5-absolute-C5,0.972920592410054,0.943063904951696,1,greedy,evaluation,oplib,L5,absolute,C5
LGF-brazil58-gen4-45.oplib-11428-greedy-evaluation-L5-absolute-C50,0.968370385079221,0.928896304996517,1,greedy,evaluation,oplib,L5,absolute,C50
LGF-brazil58-gen4-45.oplib-11428-greedy-evaluation-L50-absolute-C10,0.946849728404188,0.903950024677703,1,greedy,evaluation,oplib,L50,absolute,C10
LGF-brazil58-gen4-45.oplib-11428-greedy-evaluation-L50-absolute-C25,0.955490605512813,0.924867469002676,1,greedy,evaluation,oplib,L50,absolute,C25
LGF-brazil58-gen4-45.oplib-11428-greedy-evaluation-L50-absolute-C5,0.962592521652108,0.932097979037582,1,greedy,evaluation,oplib,L50,absolute,C5
LGF-brazil58-gen4-45.oplib-11428-greedy-evaluation-L50-absolute-C50,0.942608646701193,0.917902973691597,1,greedy,evaluation,oplib,L50,absolute,C50
LGF-gr120-gen4-85.oplib-5901-greedy-evaluation-L10-absolute-C10,0.985972666708976,0.902419714905334,1,greedy,evaluation,oplib,L10,absolute,C10
LGF-gr120-gen4-85.oplib-5901-greedy-evaluation-L10-absolute-C25,0.983799573799238,0.899565864278165,1,greedy,evaluation,oplib,L10,absolute,C25
LGF-gr120-gen4-85.oplib-5901-greedy-evaluation-L10-absolute-C5,0.989529186367735,0.914180775966716,1,greedy,evaluation,oplib,L10,absolute,C5
LGF-gr120-gen4-85.oplib-5901-greedy-evaluation-L10-absolute-C50,0.980461613142058,0.902320050612521,1,greedy,evaluation,oplib,L10,absolute,C50
LGF-gr120-gen4-85.oplib-5901-greedy-evaluation-L25-absolute-C10,0.982494608580809,0.912717854328607,1,greedy,evaluation,oplib,L25,absolute,C10
LGF-gr120-gen4-85.oplib-5901-greedy-evaluation-L25-absolute-C25,0.985215657290586,0.915355805895383,1,greedy,evaluation,oplib,L25,absolute,C25
LGF-gr120-gen4-85.oplib-5901-greedy-evaluation-L25-absolute-C5,0.984052388031388,0.91885591545231,1,greedy,evaluation,oplib,L25,absolute,C5
LGF-gr120-gen4-85.oplib-5901-greedy-evaluation-L25-absolute-C50,0.982308602688828,0.906805681013169,1,greedy,evaluation,oplib,L25,absolute,C50
LGF-gr120-gen4-85.oplib-5901-greedy-evaluation-L5-absolute-C10,0.988626484105673,0.912501692156734,1,greedy,evaluation,oplib,L5,absolute,C10
LGF-gr120-gen4-85.oplib-5901-greedy-evaluation-L5-absolute-C25,0.986096889752903,0.909150969189109,1,greedy,evaluation,oplib,L5,absolute,C25
LGF-gr120-gen4-85.oplib-5901-greedy-evaluation-L5-absolute-C5,0.989395965139572,0.907820612167584,1,greedy,evaluation,oplib,L5,absolute,C5
LGF-gr120-gen4-85.oplib-5901-greedy-evaluation-L5-absolute-C50,0.985860206696563,0.912156849532439,1,greedy,evaluation,oplib,L5,absolute,C50
LGF-gr120-gen4-85.oplib-5901-greedy-evaluation-L50-absolute-C10,0.984738832329601,0.897928590986892,1,greedy,evaluation,oplib,L50,absolute,C10
LGF-gr120-gen4-85.oplib-5901-greedy-evaluation-L50-absolute-C25,0.98051921813642,0.911414417476086,1,greedy,evaluation,oplib,L50,absolute,C25
LGF-gr120-gen4-85.oplib-5901-greedy-evaluation-L50-absolute-C5,0.984905093273722,0.912126639604888,1,greedy,evaluation,oplib,L50,absolute,C5
LGF-gr120-gen4-85.oplib-5901-greedy-evaluation-L50-absolute-C50,0.974847403134107,0.89604769334007,1,greedy,evaluation,oplib,L50,absolute,C50
LGF-gr48-gen4-80.oplib-4037-greedy-evaluation-L10-absolute-C10,0.995520244403235,0.970871930621324,1,greedy,evaluation,oplib,L10,absolute,C10
LGF-gr48-gen4-80.oplib-4037-greedy-evaluation-L10-absolute-C25,0.993511160033191,0.963785852574511,1,greedy,evaluation,oplib,L10,absolute,C25
LGF-gr48-gen4-80.oplib-4037-greedy-evaluation-L10-absolute-C5,0.992379576230227,0.960785433198359,1,greedy,evaluation,oplib,L10,absolute,C5
LGF-gr48-gen4-80.oplib-4037-greedy-evaluation-L10-absolute-C50,0.99453838348167,0.956324680491545,1,greedy,evaluation,oplib,L10,absolute,C50
LGF-gr48-gen4-80.oplib-4037-greedy-evaluation-L25-absolute-C10,0.993837242259711,0.966112833661595,1,greedy,evaluation,oplib,L25,absolute,C10
LGF-gr48-gen4-80.oplib-4037-greedy-evaluation-L25-absolute-C25,0.994549618444188,0.941056864171188,1,greedy,evaluation,oplib,L25,absolute,C25
LGF-gr48-gen4-80.oplib-4037-greedy-evaluation-L25-absolute-C5,0.993652358846532,0.961321960255208,1,greedy,evaluation,oplib,L25,absolute,C5
LGF-gr48-gen4-80.oplib-4037-greedy-evaluation-L25-absolute-C50,0.993466758651104,0.964250866124935,1,greedy,evaluation,oplib,L25,absolute,C50
LGF-gr48-gen4-80.oplib-4037-greedy-evaluation-L5-absolute-C10,0.993451794218983,0.964452048961786,1,greedy,evaluation,oplib,L5,absolute,C10
LGF-gr48-gen4-80.oplib-4037-greedy-evaluation-L5-absolute-C25,0.989960679087366,0.96329989545825,1,greedy,evaluation,oplib,L5,absolute,C25
LGF-gr48-gen4-80.oplib-4037-greedy-evaluation-L5-absolute-C5,0.992688664861144,0.964324689480849,1,greedy,evaluation,oplib,L5,absolute,C5
LGF-gr48-gen4-80.oplib-4037-greedy-evaluation-L5-absolute-C50,0.994788244490412,0.958767869060392,1,greedy,evaluation,oplib,L5,absolute,C50
LGF-gr48-gen4-80.oplib-4037-greedy-evaluation-L50-absolute-C10,0.994072998258126,0.960841022020829,1,greedy,evaluation,oplib,L50,absolute,C10
LGF-gr48-gen4-80.oplib-4037-greedy-evaluation-L50-absolute-C25,0.993643567693622,0.964618713061518,1,greedy,evaluation,oplib,L50,absolute,C25
LGF-gr48-gen4-80.oplib-4037-greedy-evaluation-L50-absolute-C5,0.992523088180404,0.96324239725344,1,greedy,evaluation,oplib,L50,absolute,C5
LGF-gr48-gen4-80.oplib-4037-greedy-evaluation-L50-absolute-C50,0.992573653746461,0.946503587523838,1,greedy,evaluation,oplib,L50,absolute,C50
LGF-hk48-gen4-80.oplib-9169-greedy-evaluation-L10-absolute-C10,0.991096096110412,0.939671381868417,1,greedy,evaluation,oplib,L10,absolute,C10
LGF-hk48-gen4-80.oplib-9169-greedy-evaluation-L10-absolute-C25,0.988252170565681,0.949290897726147,1,greedy,evaluation,oplib,L10,absolute,C25
LGF-hk48-gen4-80.oplib-9169-greedy-evaluation-L10-absolute-C5,0.9935576600704,0.957256968421045,1,greedy,evaluation,oplib,L10,absolute,C5
LGF-hk48-gen4-80.oplib-9169-greedy-evaluation-L10-absolute-C50,0.991233563103381,0.946639343854935,1,greedy,evaluation,oplib,L10,absolute,C50
LGF-hk48-gen4-80.oplib-9169-greedy-evaluation-L25-absolute-C10,0.990389529095598,0.93832139891112,1,greedy,evaluation,oplib,L25,absolute,C10
LGF-hk48-gen4-80.oplib-9169-greedy-evaluation-L25-absolute-C25,0.991904084921575,0.935596761935408,1,greedy,evaluation,oplib,L25,absolute,C25
LGF-hk48-gen4-80.oplib-9169-greedy-evaluation-L25-absolute-C5,0.994988126807738,0.937729813543263,1,greedy,evaluation,oplib,L25,absolute,C5
LGF-hk48-gen4-80.oplib-9169-greedy-evaluation-L25-absolute-C50,0.990822658947042,0.942349245326704,1,greedy,evaluation,oplib,L25,absolute,C50
LGF-hk48-gen4-80.oplib-9169-greedy-evaluation-L5-absolute-C10,0.990875794459902,0.937587503941598,1,greedy,evaluation,oplib,L5,absolute,C10
LGF-hk48-gen4-80.oplib-9169-greedy-evaluation-L5-absolute-C25,0.994573169502925,0.945489023072575,1,greedy,evaluation,oplib,L5,absolute,C25
LGF-hk48-gen4-80.oplib-9169-greedy-evaluation-L5-absolute-C5,0.990687183922983,0.944508712625755,1,greedy,evaluation,oplib,L5,absolute,C5
LGF-hk48-gen4-80.oplib-9169-greedy-evaluation-L5-absolute-C50,0.986199031260593,0.929374596965833,1,greedy,evaluation,oplib,L5,absolute,C50
LGF-hk48-gen4-80.oplib-9169-greedy-evaluation-L50-absolute-C10,0.990049457236727,0.957161356286744,1,greedy,evaluation,oplib,L50,absolute,C10
LGF-hk48-gen4-80.oplib-9169-greedy-evaluation-L50-absolute-C25,0.983686347202661,0.949201005389894,1,greedy,evaluation,oplib,L50,absolute,C25
LGF-hk48-gen4-80.oplib-9169-greedy-evaluation-L50-absolute-C5,0.992920464458367,0.930379325764164,1,greedy,evaluation,oplib,L50,absolute,C5
LGF-hk48-gen4-80.oplib-9169-greedy-evaluation-L50-absolute-C50,0.987527006373712,0.948195958109423,1,greedy,evaluation,oplib,L50,absolute,C50
LGF-Leipzig-100-80000-1-greedy-evaluation-L10-absolute-C10,0.960420489620438,0.923860590507521,1,greedy,evaluation,Leipzig,L10,absolute,C10
LGF-Leipzig-100-80000-1-greedy-evaluation-L10-absolute-C25,0.967120727277241,0.93435450420855,1,greedy,evaluation,Leipzig,L10,absolute,C25
LGF-Leipzig-100-80000-1-greedy-evaluation-L10-absolute-C5,0.96278572319052,0.925036908076471,1,greedy,evaluation,Leipzig,L10,absolute,C5
LGF-Leipzig-100-80000-1-greedy-evaluation-L10-absolute-C50,0.965044383278418,0.918570523225415,1,greedy,evaluation,Leipzig,L10,absolute,C50
LGF-Leipzig-100-80000-1-greedy-evaluation-L25-absolute-C10,0.959237220796799,0.92508901314769,1,greedy,evaluation,Leipzig,L25,absolute,C10
LGF-Leipzig-100-80000-1-greedy-evaluation-L25-absolute-C25,0.958236243206522,0.911672044836957,1,greedy,evaluation,Leipzig,L25,absolute,C25
LGF-Leipzig-100-80000-1-greedy-evaluation-L25-absolute-C5,0.964688950777129,0.915956523004571,1,greedy,evaluation,Leipzig,L25,absolute,C5
LGF-Leipzig-100-80000-1-greedy-evaluation-L25-absolute-C50,0.961767557715571,0.92390159728199,1,greedy,evaluation,Leipzig,L25,absolute,C50
LGF-Leipzig-100-80000-1-greedy-evaluation-L5-absolute-C10,0.967565700746026,0.930041465296585,1,greedy,evaluation,Leipzig,L5,absolute,C10
LGF-Leipzig-100-80000-1-greedy-evaluation-L5-absolute-C25,0.968308610493191,0.933944332917368,1,greedy,evaluation,Leipzig,L5,absolute,C25
LGF-Leipzig-100-80000-1-greedy-evaluation-L5-absolute-C5,0.966120341738827,0.923767809128587,1,greedy,evaluation,Leipzig,L5,absolute,C5
LGF-Leipzig-100-80000-1-greedy-evaluation-L5-absolute-C50,0.965707371295761,0.925702759215739,1,greedy,evaluation,Leipzig,L5,absolute,C50
LGF-Leipzig-100-80000-1-greedy-evaluation-L50-absolute-C10,0.964731986148561,0.910600282648685,1,greedy,evaluation,Leipzig,L50,absolute,C10
LGF-Leipzig-100-80000-1-greedy-evaluation-L50-absolute-C25,0.963573714940826,0.91578189122969,1,greedy,evaluation,Leipzig,L50,absolute,C25
LGF-Leipzig-100-80000-1-greedy-evaluation-L50-absolute-C5,0.965538607218011,0.92403309658948,1,greedy,evaluation,Leipzig,L50,absolute,C5
LGF-Leipzig-100-80000-1-greedy-evaluation-L50-absolute-C50,0.961951043277147,0.895771486198297,1,greedy,evaluation,Leipzig,L50,absolute,C50
LGF-Leipzig-100-80000-2-greedy-evaluation-L10-absolute-C10,0.973189558658888,0.87491801170481,1,greedy,evaluation,Leipzig,L10,absolute,C10
LGF-Leipzig-100-80000-2-greedy-evaluation-L10-absolute-C25,0.975470826225045,0.888851809356031,1,greedy,evaluation,Leipzig,L10,absolute,C25
LGF-Leipzig-100-80000-2-greedy-evaluation-L10-absolute-C5,0.978031289031101,0.875666206132864,1,greedy,evaluation,Leipzig,L10,absolute,C5
LGF-Leipzig-100-80000-2-greedy-evaluation-L10-absolute-C50,0.966509549713842,0.891754315754465,1,greedy,evaluation,Leipzig,L10,absolute,C50
LGF-Leipzig-100-80000-2-greedy-evaluation-L25-absolute-C10,0.973439863079088,0.883707282506349,1,greedy,evaluation,Leipzig,L25,absolute,C10
LGF-Leipzig-100-80000-2-greedy-evaluation-L25-absolute-C25,0.968039858264822,0.877059311988539,1,greedy,evaluation,Leipzig,L25,absolute,C25
LGF-Leipzig-100-80000-2-greedy-evaluation-L25-absolute-C5,0.976773695197259,0.88478062668812,1,greedy,evaluation,Leipzig,L25,absolute,C5
LGF-Leipzig-100-80000-2-greedy-evaluation-L25-absolute-C50,0.956576201775157,0.885166326478356,1,greedy,evaluation,Leipzig,L25,absolute,C50
LGF-Leipzig-100-80000-2-greedy-evaluation-L5-absolute-C10,0.972685245010353,0.885313640824931,1,greedy,evaluation,Leipzig,L5,absolute,C10
LGF-Leipzig-100-80000-2-greedy-evaluation-L5-absolute-C25,0.974673743975337,0.890699000481276,1,greedy,evaluation,Leipzig,L5,absolute,C25
LGF-Leipzig-100-80000-2-greedy-evaluation-L5-absolute-C5,0.976630304337391,0.87913946159171,1,greedy,evaluation,Leipzig,L5,absolute,C5
LGF-Leipzig-100-80000-2-greedy-evaluation-L5-absolute-C50,0.970730247570932,0.87288070531712,1,greedy,evaluation,Leipzig,L5,absolute,C50
LGF-Leipzig-100-80000-2-greedy-evaluation-L50-absolute-C10,0.966936171141726,0.891617846526201,1,greedy,evaluation,Leipzig,L50,absolute,C10
LGF-Leipzig-100-80000-2-greedy-evaluation-L50-absolute-C25,0.961903177306839,0.892260501452727,1,greedy,evaluation,Leipzig,L50,absolute,C25
LGF-Leipzig-100-80000-2-greedy-evaluation-L50-absolute-C5,0.972649464208279,0.884875821980366,1,greedy,evaluation,Leipzig,L50,absolute,C5
LGF-Leipzig-100-80000-2-greedy-evaluation-L50-absolute-C50,0.960337511415065,0.905671954806426,1,greedy,evaluation,Leipzig,L50,absolute,C50
LGF-Leipzig-100-80000-3-greedy-evaluation-L10-absolute-C10,0.963296747037354,0.854669086903866,1,greedy,evaluation,Leipzig,L10,absolute,C10
LGF-Leipzig-100-80000-3-greedy-evaluation-L10-absolute-C25,0.96485659476444,0.876478751681803,1,greedy,evaluation,Leipzig,L10,absolute,C25
LGF-Leipzig-100-80000-3-greedy-evaluation-L10-absolute-C5,0.963943151343972,0.862418578330207,1,greedy,evaluation,Leipzig,L10,absolute,C5
LGF-Leipzig-100-80000-3-greedy-evaluation-L10-absolute-C50,0.968570068253594,0.893260472388019,1,greedy,evaluation,Leipzig,L10,absolute,C50
LGF-Leipzig-100-80000-3-greedy-evaluation-L25-absolute-C10,0.964558799853156,0.890072763889642,1,greedy,evaluation,Leipzig,L25,absolute,C10
LGF-Leipzig-100-80000-3-greedy-evaluation-L25-absolute-C25,0.960778489112332,0.870915387871646,1,greedy,evaluation,Leipzig,L25,absolute,C25
LGF-Leipzig-100-80000-3-greedy-evaluation-L25-absolute-C5,0.96666371978565,0.862811482210592,1,greedy,evaluation,Leipzig,L25,absolute,C5
LGF-Leipzig-100-80000-3-greedy-evaluation-L25-absolute-C50,0.960399958285326,0.894446378006148,1,greedy,evaluation,Leipzig,L25,absolute,C50
LGF-Leipzig-100-80000-3-greedy-evaluation-L5-absolute-C10,0.961218042696432,0.871446864693029,1,greedy,evaluation,Leipzig,L5,absolute,C10
LGF-Leipzig-100-80000-3-greedy-evaluation-L5-absolute-C25,0.961022875539942,0.863353438774898,1,greedy,evaluation,Leipzig,L5,absolute,C25
LGF-Leipzig-100-80000-3-greedy-evaluation-L5-absolute-C5,0.961235449843837,0.861862130299708,1,greedy,evaluation,Leipzig,L5,absolute,C5
LGF-Leipzig-100-80000-3-greedy-evaluation-L5-absolute-C50,0.970256379188389,0.899290364412774,1,greedy,evaluation,Leipzig,L5,absolute,C50
LGF-Leipzig-100-80000-3-greedy-evaluation-L50-absolute-C10,0.972065804726108,0.883875467672282,1,greedy,evaluation,Leipzig,L50,absolute,C10
LGF-Leipzig-100-80000-3-greedy-evaluation-L50-absolute-C25,0.969156591801563,0.900535490810975,1,greedy,evaluation,Leipzig,L50,absolute,C25
LGF-Leipzig-100-80000-3-greedy-evaluation-L50-absolute-C5,0.966728581524356,0.857835981913357,1,greedy,evaluation,Leipzig,L50,absolute,C5
LGF-Leipzig-100-80000-3-greedy-evaluation-L50-absolute-C50,0.960031089153127,0.893620478020222,1,greedy,evaluation,Leipzig,L50,absolute,C50
LGF-Berlin-100-80000-1-greedy-bitVector-L10-absolute-C10,0.901443604098719,0.937382829553918,1,greedy,bitVector,Berlin,L10,absolute,C10
LGF-Berlin-100-80000-1-greedy-bitVector-L10-absolute-C25,0.902206443921491,0.964663367504703,1,greedy,bitVector,Berlin,L10,absolute,C25
LGF-Berlin-100-80000-1-greedy-bitVector-L10-absolute-C5,0.900266682685543,0.91585505234853,1,greedy,bitVector,Berlin,L10,absolute,C5
LGF-Berlin-100-80000-1-greedy-bitVector-L10-absolute-C50,0.931770540207666,0.961254802163115,1,greedy,bitVector,Berlin,L10,absolute,C50
LGF-Berlin-100-80000-1-greedy-bitVector-L25-absolute-C10,0.917464640253009,0.939819404876947,1,greedy,bitVector,Berlin,L25,absolute,C10
LGF-Berlin-100-80000-1-greedy-bitVector-L25-absolute-C25,0.910981827024026,0.937994022847248,1,greedy,bitVector,Berlin,L25,absolute,C25
LGF-Berlin-100-80000-1-greedy-bitVector-L25-absolute-C5,0.889082688328607,0.946391294352058,1,greedy,bitVector,Berlin,L25,absolute,C5
LGF-Berlin-100-80000-1-greedy-bitVector-L25-absolute-C50,0.937797782233316,0.953811530750031,1,greedy,bitVector,Berlin,L25,absolute,C50
LGF-Berlin-100-80000-1-greedy-bitVector-L5-absolute-C10,0.904579559296093,0.940496369226497,1,greedy,bitVector,Berlin,L5,absolute,C10
LGF-Berlin-100-80000-1-greedy-bitVector-L5-absolute-C25,0.902591743859536,0.954978706489297,1,greedy,bitVector,Berlin,L5,absolute,C25
LGF-Berlin-100-80000-1-greedy-bitVector-L5-absolute-C5,0.880112260689415,0.951917916781071,1,greedy,bitVector,Berlin,L5,absolute,C5
LGF-Berlin-100-80000-1-greedy-bitVector-L5-absolute-C50,0.901569189033067,0.965960831517457,1,greedy,bitVector,Berlin,L5,absolute,C50
LGF-Berlin-100-80000-1-greedy-bitVector-L50-absolute-C10,0.908635007071901,0.97006780413317,1,greedy,bitVector,Berlin,L50,absolute,C10
LGF-Berlin-100-80000-1-greedy-bitVector-L50-absolute-C25,0.930295501502932,0.956883234747012,1,greedy,bitVector,Berlin,L50,absolute,C25
LGF-Berlin-100-80000-1-greedy-bitVector-L50-absolute-C5,0.898728174956735,0.968308572360533,1,greedy,bitVector,Berlin,L50,absolute,C5
LGF-Berlin-100-80000-1-greedy-bitVector-L50-absolute-C50,0.971610625483792,0.973122887835822,1,greedy,bitVector,Berlin,L50,absolute,C50
LGF-Berlin-100-80000-2-greedy-bitVector-L10-absolute-C10,0.91286843006449,0.902145509629238,1,greedy,bitVector,Berlin,L10,absolute,C10
LGF-Berlin-100-80000-2-greedy-bitVector-L10-absolute-C25,0.942928049735904,0.918074250044227,1,greedy,bitVector,Berlin,L10,absolute,C25
LGF-Berlin-100-80000-2-greedy-bitVector-L10-absolute-C5,0.914006679913753,0.90896577355348,1,greedy,bitVector,Berlin,L10,absolute,C5
LGF-Berlin-100-80000-2-greedy-bitVector-L10-absolute-C50,0.947153814321872,0.91783545534159,1,greedy,bitVector,Berlin,L10,absolute,C50
LGF-Berlin-100-80000-2-greedy-bitVector-L25-absolute-C10,0.937214365516649,0.915864709758124,1,greedy,bitVector,Berlin,L25,absolute,C10
LGF-Berlin-100-80000-2-greedy-bitVector-L25-absolute-C25,0.969987262749045,0.89968707247653,1,greedy,bitVector,Berlin,L25,absolute,C25
LGF-Berlin-100-80000-2-greedy-bitVector-L25-absolute-C5,0.913295105772751,0.904403275958471,1,greedy,bitVector,Berlin,L25,absolute,C5
LGF-Berlin-100-80000-2-greedy-bitVector-L25-absolute-C50,0.945814219551498,0.909174174405865,1,greedy,bitVector,Berlin,L25,absolute,C50
LGF-Berlin-100-80000-2-greedy-bitVector-L5-absolute-C10,0.912317282119984,0.91083546346835,1,greedy,bitVector,Berlin,L5,absolute,C10
LGF-Berlin-100-80000-2-greedy-bitVector-L5-absolute-C25,0.923342215242473,0.915503947035389,1,greedy,bitVector,Berlin,L5,absolute,C25
LGF-Berlin-100-80000-2-greedy-bitVector-L5-absolute-C5,0.924694388802707,0.920458253635958,1,greedy,bitVector,Berlin,L5,absolute,C5
LGF-Berlin-100-80000-2-greedy-bitVector-L5-absolute-C50,0.920635772642615,0.904853873366032,1,greedy,bitVector,Berlin,L5,absolute,C50
LGF-Berlin-100-80000-2-greedy-bitVector-L50-absolute-C10,0.924775765090734,0.92197053437045,1,greedy,bitVector,Berlin,L50,absolute,C10
LGF-Berlin-100-80000-2-greedy-bitVector-L50-absolute-C25,0.937090193222754,0.886045417414773,1,greedy,bitVector,Berlin,L50,absolute,C25
LGF-Berlin-100-80000-2-greedy-bitVector-L50-absolute-C5,0.926645112169855,0.916777919084166,1,greedy,bitVector,Berlin,L50,absolute,C5
LGF-Berlin-100-80000-2-greedy-bitVector-L50-absolute-C50,0.985107916249556,0.928221047608799,1,greedy,bitVector,Berlin,L50,absolute,C50
LGF-Berlin-100-80000-3-greedy-bitVector-L10-absolute-C10,0.860802083424367,0.951363460255593,1,greedy,bitVector,Berlin,L10,absolute,C10
LGF-Berlin-100-80000-3-greedy-bitVector-L10-absolute-C25,0.916947433842531,0.965093181000413,1,greedy,bitVector,Berlin,L10,absolute,C25
LGF-Berlin-100-80000-3-greedy-bitVector-L10-absolute-C5,0.88398106100609,0.96224082092442,1,greedy,bitVector,Berlin,L10,absolute,C5
LGF-Berlin-100-80000-3-greedy-bitVector-L10-absolute-C50,0.889674863087149,0.957881670495149,1,greedy,bitVector,Berlin,L10,absolute,C50
LGF-Berlin-100-80000-3-greedy-bitVector-L25-absolute-C10,0.899549225698907,0.957424574038963,1,greedy,bitVector,Berlin,L25,absolute,C10
LGF-Berlin-100-80000-3-greedy-bitVector-L25-absolute-C25,0.921445643272055,0.962330375009686,1,greedy,bitVector,Berlin,L25,absolute,C25
LGF-Berlin-100-80000-3-greedy-bitVector-L25-absolute-C5,0.911240298110273,0.978085748605824,1,greedy,bitVector,Berlin,L25,absolute,C5
LGF-Berlin-100-80000-3-greedy-bitVector-L25-absolute-C50,0.924957435058929,0.959184913445661,1,greedy,bitVector,Berlin,L25,absolute,C50
LGF-Berlin-100-80000-3-greedy-bitVector-L5-absolute-C10,0.893165180726721,0.958267057536221,1,greedy,bitVector,Berlin,L5,absolute,C10
LGF-Berlin-100-80000-3-greedy-bitVector-L5-absolute-C25,0.891572520134715,0.954802183810537,1,greedy,bitVector,Berlin,L5,absolute,C25
LGF-Berlin-100-80000-3-greedy-bitVector-L5-absolute-C5,0.879940555094326,0.937940619309503,1,greedy,bitVector,Berlin,L5,absolute,C5
LGF-Berlin-100-80000-3-greedy-bitVector-L5-absolute-C50,0.890502247102421,0.950759284081053,1,greedy,bitVector,Berlin,L5,absolute,C50
LGF-Berlin-100-80000-3-greedy-bitVector-L50-absolute-C10,0.923228361125062,0.955319126740119,1,greedy,bitVector,Berlin,L50,absolute,C10
LGF-Berlin-100-80000-3-greedy-bitVector-L50-absolute-C25,0.942641989507603,0.945208868099707,1,greedy,bitVector,Berlin,L50,absolute,C25
LGF-Berlin-100-80000-3-greedy-bitVector-L50-absolute-C5,0.888194870683949,0.957197530418457,1,greedy,bitVector,Berlin,L50,absolute,C5
LGF-Berlin-100-80000-3-greedy-bitVector-L50-absolute-C50,0.93712183078401,0.970550868472865,1,greedy,bitVector,Berlin,L50,absolute,C50
LGF-brazil58-gen4-45.oplib-11428-greedy-bitVector-L10-absolute-C10,0.98203133404389,0.973963424504314,1,greedy,bitVector,oplib,L10,absolute,C10
LGF-brazil58-gen4-45.oplib-11428-greedy-bitVector-L10-absolute-C25,0.982017788330841,0.975090442009617,1,greedy,bitVector,oplib,L10,absolute,C25
LGF-brazil58-gen4-45.oplib-11428-greedy-bitVector-L10-absolute-C5,0.983113412661916,0.969389433429505,1,greedy,bitVector,oplib,L10,absolute,C5
LGF-brazil58-gen4-45.oplib-11428-greedy-bitVector-L10-absolute-C50,0.977138973826957,0.968609700850298,1,greedy,bitVector,oplib,L10,absolute,C50
LGF-brazil58-gen4-45.oplib-11428-greedy-bitVector-L25-absolute-C10,0.974521227396954,0.97754994554122,1,greedy,bitVector,oplib,L25,absolute,C10
LGF-brazil58-gen4-45.oplib-11428-greedy-bitVector-L25-absolute-C25,0.972630190563496,0.971824050226726,1,greedy,bitVector,oplib,L25,absolute,C25
LGF-brazil58-gen4-45.oplib-11428-greedy-bitVector-L25-absolute-C5,0.983046931639709,0.969994291746854,1,greedy,bitVector,oplib,L25,absolute,C5
LGF-brazil58-gen4-45.oplib-11428-greedy-bitVector-L25-absolute-C50,0.969950741585803,0.977922065605759,1,greedy,bitVector,oplib,L25,absolute,C50
LGF-brazil58-gen4-45.oplib-11428-greedy-bitVector-L5-absolute-C10,0.983264674727544,0.976417267389186,1,greedy,bitVector,oplib,L5,absolute,C10
LGF-brazil58-gen4-45.oplib-11428-greedy-bitVector-L5-absolute-C25,0.982743425231078,0.978837339754839,1,greedy,bitVector,oplib,L5,absolute,C25
LGF-brazil58-gen4-45.oplib-11428-greedy-bitVector-L5-absolute-C5,0.981378390324955,0.969782318822479,1,greedy,bitVector,oplib,L5,absolute,C5
LGF-brazil58-gen4-45.oplib-11428-greedy-bitVector-L5-absolute-C50,0.979855014210492,0.968966307564026,1,greedy,bitVector,oplib,L5,absolute,C50
LGF-brazil58-gen4-45.oplib-11428-greedy-bitVector-L50-absolute-C10,0.978529493496382,0.959017572036669,1,greedy,bitVector,oplib,L50,absolute,C10
LGF-brazil58-gen4-45.oplib-11428-greedy-bitVector-L50-absolute-C25,0.96786366143701,0.940992315320847,1,greedy,bitVector,oplib,L50,absolute,C25
LGF-brazil58-gen4-45.oplib-11428-greedy-bitVector-L50-absolute-C5,0.97419981176839,0.964091333924344,1,greedy,bitVector,oplib,L50,absolute,C5
LGF-brazil58-gen4-45.oplib-11428-greedy-bitVector-L50-absolute-C50,0.980973547817796,0.951659171465598,1,greedy,bitVector,oplib,L50,absolute,C50
LGF-gr120-gen4-85.oplib-5901-greedy-bitVector-L10-absolute-C10,0.98578851076899,0.943736490877885,1,greedy,bitVector,oplib,L10,absolute,C10
LGF-gr120-gen4-85.oplib-5901-greedy-bitVector-L10-absolute-C25,0.989664498704665,0.955481252167694,1,greedy,bitVector,oplib,L10,absolute,C25
LGF-gr120-gen4-85.oplib-5901-greedy-bitVector-L10-absolute-C5,0.99046892342328,0.952608321132268,1,greedy,bitVector,oplib,L10,absolute,C5
LGF-gr120-gen4-85.oplib-5901-greedy-bitVector-L10-absolute-C50,0.988905619625966,0.947900083024878,1,greedy,bitVector,oplib,L10,absolute,C50
LGF-gr120-gen4-85.oplib-5901-greedy-bitVector-L25-absolute-C10,0.988788608245038,0.953601839532688,1,greedy,bitVector,oplib,L25,absolute,C10
LGF-gr120-gen4-85.oplib-5901-greedy-bitVector-L25-absolute-C25,0.985236115274782,0.959653957541274,1,greedy,bitVector,oplib,L25,absolute,C25
LGF-gr120-gen4-85.oplib-5901-greedy-bitVector-L25-absolute-C5,0.989811189817567,0.950021516889675,1,greedy,bitVector,oplib,L25,absolute,C5
LGF-gr120-gen4-85.oplib-5901-greedy-bitVector-L25-absolute-C50,0.985530891988388,0.959814648592852,1,greedy,bitVector,oplib,L25,absolute,C50
LGF-gr120-gen4-85.oplib-5901-greedy-bitVector-L5-absolute-C10,0.988913940821296,0.947873756279342,1,greedy,bitVector,oplib,L5,absolute,C10
LGF-gr120-gen4-85.oplib-5901-greedy-bitVector-L5-absolute-C25,0.985379815819217,0.949498264682599,1,greedy,bitVector,oplib,L5,absolute,C25
LGF-gr120-gen4-85.oplib-5901-greedy-bitVector-L5-absolute-C5,0.988363113947649,0.945969669994944,1,greedy,bitVector,oplib,L5,absolute,C5
LGF-gr120-gen4-85.oplib-5901-greedy-bitVector-L5-absolute-C50,0.989127265074267,0.953635959260498,1,greedy,bitVector,oplib,L5,absolute,C50
LGF-gr120-gen4-85.oplib-5901-greedy-bitVector-L50-absolute-C10,0.988777458899862,0.939098150510802,1,greedy,bitVector,oplib,L50,absolute,C10
LGF-gr120-gen4-85.oplib-5901-greedy-bitVector-L50-absolute-C25,0.989913207663888,0.937918957918208,1,greedy,bitVector,oplib,L50,absolute,C25
LGF-gr120-gen4-85.oplib-5901-greedy-bitVector-L50-absolute-C5,0.984065802520219,0.939215590231468,1,greedy,bitVector,oplib,L50,absolute,C5
LGF-gr120-gen4-85.oplib-5901-greedy-bitVector-L50-absolute-C50,0.990051809049888,0.945801299198839,1,greedy,bitVector,oplib,L50,absolute,C50
LGF-gr48-gen4-80.oplib-4037-greedy-bitVector-L10-absolute-C10,0.995004758184487,0.984306970636665,1,greedy,bitVector,oplib,L10,absolute,C10
LGF-gr48-gen4-80.oplib-4037-greedy-bitVector-L10-absolute-C25,0.996520377530966,0.977624715544435,1,greedy,bitVector,oplib,L10,absolute,C25
LGF-gr48-gen4-80.oplib-4037-greedy-bitVector-L10-absolute-C5,0.994832489753908,0.98194797047095,1,greedy,bitVector,oplib,L10,absolute,C5
LGF-gr48-gen4-80.oplib-4037-greedy-bitVector-L10-absolute-C50,0.998127181384151,0.969239942560291,1,greedy,bitVector,oplib,L10,absolute,C50
LGF-gr48-gen4-80.oplib-4037-greedy-bitVector-L25-absolute-C10,0.994153899040667,0.980099233548467,1,greedy,bitVector,oplib,L25,absolute,C10
LGF-gr48-gen4-80.oplib-4037-greedy-bitVector-L25-absolute-C25,0.996824681855588,0.968178079190869,1,greedy,bitVector,oplib,L25,absolute,C25
LGF-gr48-gen4-80.oplib-4037-greedy-bitVector-L25-absolute-C5,0.996746678494149,0.982129513310914,1,greedy,bitVector,oplib,L25,absolute,C5
LGF-gr48-gen4-80.oplib-4037-greedy-bitVector-L25-absolute-C50,0.996837702350388,0.972676851514432,1,greedy,bitVector,oplib,L25,absolute,C50
LGF-gr48-gen4-80.oplib-4037-greedy-bitVector-L5-absolute-C10,0.995362236536137,0.985795775388858,1,greedy,bitVector,oplib,L5,absolute,C10
LGF-gr48-gen4-80.oplib-4037-greedy-bitVector-L5-absolute-C25,0.99366901608804,0.977429960180722,1,greedy,bitVector,oplib,L5,absolute,C25
LGF-gr48-gen4-80.oplib-4037-greedy-bitVector-L5-absolute-C5,0.994610115992272,0.973794107220524,1,greedy,bitVector,oplib,L5,absolute,C5
LGF-gr48-gen4-80.oplib-4037-greedy-bitVector-L5-absolute-C50,0.995321521881574,0.965146445398763,1,greedy,bitVector,oplib,L5,absolute,C50
LGF-gr48-gen4-80.oplib-4037-greedy-bitVector-L50-absolute-C10,0.994040188752602,0.973638836074241,1,greedy,bitVector,oplib,L50,absolute,C10
LGF-gr48-gen4-80.oplib-4037-greedy-bitVector-L50-absolute-C25,0.995532883057894,0.973275640086585,1,greedy,bitVector,oplib,L50,absolute,C25
LGF-gr48-gen4-80.oplib-4037-greedy-bitVector-L50-absolute-C5,0.996066377778924,0.979972879090941,1,greedy,bitVector,oplib,L50,absolute,C5
LGF-gr48-gen4-80.oplib-4037-greedy-bitVector-L50-absolute-C50,0.996648194803345,0.975120902861184,1,greedy,bitVector,oplib,L50,absolute,C50
LGF-hk48-gen4-80.oplib-9169-greedy-bitVector-L10-absolute-C10,0.99388549574032,0.966190807134883,1,greedy,bitVector,oplib,L10,absolute,C10
LGF-hk48-gen4-80.oplib-9169-greedy-bitVector-L10-absolute-C25,0.993705743509048,0.964933831751235,1,greedy,bitVector,oplib,L10,absolute,C25
LGF-hk48-gen4-80.oplib-9169-greedy-bitVector-L10-absolute-C5,0.989667659797104,0.975120675602138,1,greedy,bitVector,oplib,L10,absolute,C5
LGF-hk48-gen4-80.oplib-9169-greedy-bitVector-L10-absolute-C50,0.993763064690107,0.97249423967309,1,greedy,bitVector,oplib,L10,absolute,C50
LGF-hk48-gen4-80.oplib-9169-greedy-bitVector-L25-absolute-C10,0.993015416654938,0.974864238150437,1,greedy,bitVector,oplib,L25,absolute,C10
LGF-hk48-gen4-80.oplib-9169-greedy-bitVector-L25-absolute-C25,1,0.980647925668272,0.998576733317088,greedy,bitVector,oplib,L25,absolute,C25
LGF-hk48-gen4-80.oplib-9169-greedy-bitVector-L25-absolute-C5,0.995029493729901,0.976613336104577,1,greedy,bitVector,oplib,L25,absolute,C5
LGF-hk48-gen4-80.oplib-9169-greedy-bitVector-L25-absolute-C50,0.994648470894967,0.960740761146412,1,greedy,bitVector,oplib,L25,absolute,C50
LGF-hk48-gen4-80.oplib-9169-greedy-bitVector-L5-absolute-C10,0.992632897468089,0.972113502982161,1,greedy,bitVector,oplib,L5,absolute,C10
LGF-hk48-gen4-80.oplib-9169-greedy-bitVector-L5-absolute-C25,0.99361802166952,0.962924381187758,1,greedy,bitVector,oplib,L5,absolute,C25
LGF-hk48-gen4-80.oplib-9169-greedy-bitVector-L5-absolute-C5,0.991462030489061,0.971532355280488,1,greedy,bitVector,oplib,L5,absolute,C5
LGF-hk48-gen4-80.oplib-9169-greedy-bitVector-L5-absolute-C50,0.989732184527699,0.971081872403329,1,greedy,bitVector,oplib,L5,absolute,C50
LGF-hk48-gen4-80.oplib-9169-greedy-bitVector-L50-absolute-C10,0.991945388516554,0.979162601736689,1,greedy,bitVector,oplib,L50,absolute,C10
LGF-hk48-gen4-80.oplib-9169-greedy-bitVector-L50-absolute-C25,0.998181167833596,0.962967764548717,1,greedy,bitVector,oplib,L50,absolute,C25
LGF-hk48-gen4-80.oplib-9169-greedy-bitVector-L50-absolute-C5,0.994997519554221,0.97559548707743,1,greedy,bitVector,oplib,L50,absolute,C5
LGF-hk48-gen4-80.oplib-9169-greedy-bitVector-L50-absolute-C50,0.994062412405572,0.973579875694095,1,greedy,bitVector,oplib,L50,absolute,C50
LGF-Leipzig-100-80000-1-greedy-bitVector-L10-absolute-C10,0.97422600632731,0.957653981150983,1,greedy,bitVector,Leipzig,L10,absolute,C10
LGF-Leipzig-100-80000-1-greedy-bitVector-L10-absolute-C25,0.979358947412297,0.963657664225161,1,greedy,bitVector,Leipzig,L10,absolute,C25
LGF-Leipzig-100-80000-1-greedy-bitVector-L10-absolute-C5,0.971613664173731,0.959560990047399,1,greedy,bitVector,Leipzig,L10,absolute,C5
LGF-Leipzig-100-80000-1-greedy-bitVector-L10-absolute-C50,0.966981969969881,0.94849017974165,1,greedy,bitVector,Leipzig,L10,absolute,C50
LGF-Leipzig-100-80000-1-greedy-bitVector-L25-absolute-C10,0.970494775024209,0.953897975332945,1,greedy,bitVector,Leipzig,L25,absolute,C10
LGF-Leipzig-100-80000-1-greedy-bitVector-L25-absolute-C25,0.969315528456243,0.940897481396505,1,greedy,bitVector,Leipzig,L25,absolute,C25
LGF-Leipzig-100-80000-1-greedy-bitVector-L25-absolute-C5,0.972332343689583,0.956748242033234,1,greedy,bitVector,Leipzig,L25,absolute,C5
LGF-Leipzig-100-80000-1-greedy-bitVector-L25-absolute-C50,0.971039110299834,0.95077631712381,1,greedy,bitVector,Leipzig,L25,absolute,C50
LGF-Leipzig-100-80000-1-greedy-bitVector-L5-absolute-C10,0.975489467064479,0.96433774708057,1,greedy,bitVector,Leipzig,L5,absolute,C10
LGF-Leipzig-100-80000-1-greedy-bitVector-L5-absolute-C25,0.970294912102024,0.947914360359563,1,greedy,bitVector,Leipzig,L5,absolute,C25
LGF-Leipzig-100-80000-1-greedy-bitVector-L5-absolute-C5,0.970133905052316,0.956266288932074,1,greedy,bitVector,Leipzig,L5,absolute,C5
LGF-Leipzig-100-80000-1-greedy-bitVector-L5-absolute-C50,0.970327713827462,0.954005450364777,1,greedy,bitVector,Leipzig,L5,absolute,C50
LGF-Leipzig-100-80000-1-greedy-bitVector-L50-absolute-C10,0.970381234132173,0.94011682518485,1,greedy,bitVector,Leipzig,L50,absolute,C10
LGF-Leipzig-100-80000-1-greedy-bitVector-L50-absolute-C25,0.979798043317243,0.935052883257072,1,greedy,bitVector,Leipzig,L50,absolute,C25
LGF-Leipzig-100-80000-1-greedy-bitVector-L50-absolute-C5,0.969450069701574,0.956043527438668,1,greedy,bitVector,Leipzig,L50,absolute,C5
LGF-Leipzig-100-80000-1-greedy-bitVector-L50-absolute-C50,0.970354038753911,0.954145770723733,1,greedy,bitVector,Leipzig,L50,absolute,C50
LGF-Leipzig-100-80000-2-greedy-bitVector-L10-absolute-C10,0.978787738227199,0.910901304372894,1,greedy,bitVector,Leipzig,L10,absolute,C10
LGF-Leipzig-100-80000-2-greedy-bitVector-L10-absolute-C25,0.981560217892076,0.928987277959432,1,greedy,bitVector,Leipzig,L10,absolute,C25
LGF-Leipzig-100-80000-2-greedy-bitVector-L10-absolute-C5,0.976039017023072,0.905172760686402,1,greedy,bitVector,Leipzig,L10,absolute,C5
LGF-Leipzig-100-80000-2-greedy-bitVector-L10-absolute-C50,0.987231664362201,0.92167257080764,1,greedy,bitVector,Leipzig,L10,absolute,C50
LGF-Leipzig-100-80000-2-greedy-bitVector-L25-absolute-C10,0.977501574799775,0.914962526193098,1,greedy,bitVector,Leipzig,L25,absolute,C10
LGF-Leipzig-100-80000-2-greedy-bitVector-L25-absolute-C25,0.970445476941417,0.935669244573852,1,greedy,bitVector,Leipzig,L25,absolute,C25
LGF-Leipzig-100-80000-2-greedy-bitVector-L25-absolute-C5,0.984643659383296,0.911443096202831,1,greedy,bitVector,Leipzig,L25,absolute,C5
LGF-Leipzig-100-80000-2-greedy-bitVector-L25-absolute-C50,0.978997554123839,0.915060203827096,1,greedy,bitVector,Leipzig,L25,absolute,C50
LGF-Leipzig-100-80000-2-greedy-bitVector-L5-absolute-C10,0.982157349980541,0.901818992278364,1,greedy,bitVector,Leipzig,L5,absolute,C10
LGF-Leipzig-100-80000-2-greedy-bitVector-L5-absolute-C25,0.98177169079547,0.908891813767455,1,greedy,bitVector,Leipzig,L5,absolute,C25
LGF-Leipzig-100-80000-2-greedy-bitVector-L5-absolute-C5,0.983225520533673,0.910603060570406,1,greedy,bitVector,Leipzig,L5,absolute,C5
LGF-Leipzig-100-80000-2-greedy-bitVector-L5-absolute-C50,0.978353002738633,0.926896294374114,1,greedy,bitVector,Leipzig,L5,absolute,C50
LGF-Leipzig-100-80000-2-greedy-bitVector-L50-absolute-C10,0.97722783487234,0.917125548690739,1,greedy,bitVector,Leipzig,L50,absolute,C10
LGF-Leipzig-100-80000-2-greedy-bitVector-L50-absolute-C25,0.974628670636178,0.941778645481048,1,greedy,bitVector,Leipzig,L50,absolute,C25
LGF-Leipzig-100-80000-2-greedy-bitVector-L50-absolute-C5,0.982028483274632,0.925102791346856,1,greedy,bitVector,Leipzig,L50,absolute,C5
LGF-Leipzig-100-80000-2-greedy-bitVector-L50-absolute-C50,0.973858177912442,0.94475572865883,1,greedy,bitVector,Leipzig,L50,absolute,C50
LGF-Leipzig-100-80000-3-greedy-bitVector-L10-absolute-C10,0.98173061451339,0.917728850881457,1,greedy,bitVector,Leipzig,L10,absolute,C10
LGF-Leipzig-100-80000-3-greedy-bitVector-L10-absolute-C25,0.979001548848632,0.94915412327466,1,greedy,bitVector,Leipzig,L10,absolute,C25
LGF-Leipzig-100-80000-3-greedy-bitVector-L10-absolute-C5,0.983709634356041,0.914758066125013,1,greedy,bitVector,Leipzig,L10,absolute,C5
LGF-Leipzig-100-80000-3-greedy-bitVector-L10-absolute-C50,0.983113218451457,0.944640855935312,1,greedy,bitVector,Leipzig,L10,absolute,C50
LGF-Leipzig-100-80000-3-greedy-bitVector-L25-absolute-C10,0.984098588151412,0.931989932015734,1,greedy,bitVector,Leipzig,L25,absolute,C10
LGF-Leipzig-100-80000-3-greedy-bitVector-L25-absolute-C25,0.98387671358832,0.94010165526591,1,greedy,bitVector,Leipzig,L25,absolute,C25
LGF-Leipzig-100-80000-3-greedy-bitVector-L25-absolute-C5,0.983674009745938,0.921436115294931,1,greedy,bitVector,Leipzig,L25,absolute,C5
LGF-Leipzig-100-80000-3-greedy-bitVector-L25-absolute-C50,0.97840932741521,0.935126892772952,1,greedy,bitVector,Leipzig,L25,absolute,C50
LGF-Leipzig-100-80000-3-greedy-bitVector-L5-absolute-C10,0.984368568942211,0.908967058996074,1,greedy,bitVector,Leipzig,L5,absolute,C10
LGF-Leipzig-100-80000-3-greedy-bitVector-L5-absolute-C25,0.985869420213199,0.919167917949382,1,greedy,bitVector,Leipzig,L5,absolute,C25
LGF-Leipzig-100-80000-3-greedy-bitVector-L5-absolute-C5,0.982333013427131,0.910184880838837,1,greedy,bitVector,Leipzig,L5,absolute,C5
LGF-Leipzig-100-80000-3-greedy-bitVector-L5-absolute-C50,0.983030791119252,0.923153845091298,1,greedy,bitVector,Leipzig,L5,absolute,C50
LGF-Leipzig-100-80000-3-greedy-bitVector-L50-absolute-C10,0.989555054051759,0.918429578316508,1,greedy,bitVector,Leipzig,L50,absolute,C10
LGF-Leipzig-100-80000-3-greedy-bitVector-L50-absolute-C25,0.975396764290384,0.924008083956766,1,greedy,bitVector,Leipzig,L50,absolute,C25
LGF-Leipzig-100-80000-3-greedy-bitVector-L50-absolute-C5,0.982175207765917,0.927764289985325,1,greedy,bitVector,Leipzig,L50,absolute,C5
LGF-Leipzig-100-80000-3-greedy-bitVector-L50-absolute-C50,0.982356429751218,0.930059748598161,1,greedy,bitVector,Leipzig,L50,absolute,C50
